<?xml version="1.0" encoding="UTF-8"?>
<config xmlns="http://www.knime.org/2008/09/XMLConfig" xmlns:xsi="http://www.w3.org/2001/XMLSchema-instance" xsi:schemaLocation="http://www.knime.org/2008/09/XMLConfig http://www.knime.org/XMLConfig_2008_09.xsd" key="model.xml">
    <entry key="version" type="xint" value="1"/>
    <entry key="class_name" type="xstring" value="org.knime.base.data.normalize.NormalizerPortObject"/>
    <config key="model">
        <config key="columns">
            <config key="age">
                <entry key="column_name" type="xstring" value="age"/>
                <entry key="column_scale" type="xdouble" value="0.07306826021788254"/>
                <entry key="column_translate" type="xdouble" value="-2.815577305454401"/>
                <entry key="column_min" type="xdouble" value="NaN"/>
                <entry key="column_max" type="xdouble" value="NaN"/>
            </config>
            <config key="fnlwgt">
                <entry key="column_name" type="xstring" value="fnlwgt"/>
                <entry key="column_scale" type="xdouble" value="9.480355589008494E-6"/>
                <entry key="column_translate" type="xdouble" value="-1.7993819565373594"/>
                <entry key="column_min" type="xdouble" value="NaN"/>
                <entry key="column_max" type="xdouble" value="NaN"/>
            </config>
            <config key="education">
                <entry key="column_name" type="xstring" value="education"/>
                <entry key="column_scale" type="xdouble" value="0.3906750419649625"/>
                <entry key="column_translate" type="xdouble" value="-3.9342786803286196"/>
                <entry key="column_min" type="xdouble" value="NaN"/>
                <entry key="column_max" type="xdouble" value="NaN"/>
            </config>
            <config key="marital-status">
                <entry key="column_name" type="xstring" value="marital-status"/>
                <entry key="column_scale" type="xdouble" value="0.799738147661075"/>
                <entry key="column_translate" type="xdouble" value="-0.8632484164951632"/>
                <entry key="column_min" type="xdouble" value="NaN"/>
                <entry key="column_max" type="xdouble" value="NaN"/>
            </config>
            <config key="race">
                <entry key="column_name" type="xstring" value="race"/>
                <entry key="column_scale" type="xdouble" value="1.5873894210995791"/>
                <entry key="column_translate" type="xdouble" value="-0.3519251818539914"/>
                <entry key="column_min" type="xdouble" value="NaN"/>
                <entry key="column_max" type="xdouble" value="NaN"/>
            </config>
            <config key="sex">
                <entry key="column_name" type="xstring" value="sex"/>
                <entry key="column_scale" type="xdouble" value="2.1226280657568632"/>
                <entry key="column_translate" type="xdouble" value="-0.7057421675283216"/>
                <entry key="column_min" type="xdouble" value="NaN"/>
                <entry key="column_max" type="xdouble" value="NaN"/>
            </config>
            <config key="capital-gain">
                <entry key="column_name" type="xstring" value="capital-gain"/>
                <entry key="column_scale" type="xdouble" value="1.373950355245189E-4"/>
                <entry key="column_translate" type="xdouble" value="-0.14610699720186204"/>
                <entry key="column_min" type="xdouble" value="NaN"/>
                <entry key="column_max" type="xdouble" value="NaN"/>
            </config>
            <config key="capital-loss">
                <entry key="column_name" type="xstring" value="capital-loss"/>
                <entry key="column_scale" type="xdouble" value="0.002504186386194003"/>
                <entry key="column_translate" type="xdouble" value="-0.21340014518509162"/>
                <entry key="column_min" type="xdouble" value="NaN"/>
                <entry key="column_max" type="xdouble" value="NaN"/>
            </config>
            <config key="hours-per-week">
                <entry key="column_name" type="xstring" value="hours-per-week"/>
                <entry key="column_scale" type="xdouble" value="0.08062805542310292"/>
                <entry key="column_translate" type="xdouble" value="-3.25806043314228"/>
                <entry key="column_min" type="xdouble" value="NaN"/>
                <entry key="column_max" type="xdouble" value="NaN"/>
            </config>
            <config key="State-gov_workclass">
                <entry key="column_name" type="xstring" value="State-gov_workclass"/>
                <entry key="column_scale" type="xdouble" value="5.099455258929573"/>
                <entry key="column_translate" type="xdouble" value="-0.20427354560383834"/>
                <entry key="column_min" type="xdouble" value="NaN"/>
                <entry key="column_max" type="xdouble" value="NaN"/>
            </config>
            <config key="Self-emp-not-inc_workclass">
                <entry key="column_name" type="xstring" value="Self-emp-not-inc_workclass"/>
                <entry key="column_scale" type="xdouble" value="3.7480255132318705"/>
                <entry key="column_translate" type="xdouble" value="-0.2890939299869096"/>
                <entry key="column_min" type="xdouble" value="NaN"/>
                <entry key="column_max" type="xdouble" value="NaN"/>
            </config>
            <config key="Private_workclass">
                <entry key="column_name" type="xstring" value="Private_workclass"/>
                <entry key="column_scale" type="xdouble" value="2.181093595593637"/>
                <entry key="column_translate" type="xdouble" value="-1.5256745873354542"/>
                <entry key="column_min" type="xdouble" value="NaN"/>
                <entry key="column_max" type="xdouble" value="NaN"/>
            </config>
            <config key="Federal-gov_workclass">
                <entry key="column_name" type="xstring" value="Federal-gov_workclass"/>
                <entry key="column_scale" type="xdouble" value="5.856831333820779"/>
                <entry key="column_translate" type="xdouble" value="-0.1760235812419811"/>
                <entry key="column_min" type="xdouble" value="NaN"/>
                <entry key="column_max" type="xdouble" value="NaN"/>
            </config>
            <config key="Local-gov_workclass">
                <entry key="column_name" type="xstring" value="Local-gov_workclass"/>
                <entry key="column_scale" type="xdouble" value="4.135837317877915"/>
                <entry key="column_translate" type="xdouble" value="-0.25785472221413297"/>
                <entry key="column_min" type="xdouble" value="NaN"/>
                <entry key="column_max" type="xdouble" value="NaN"/>
            </config>
            <config key="Self-emp-inc_workclass">
                <entry key="column_name" type="xstring" value="Self-emp-inc_workclass"/>
                <entry key="column_scale" type="xdouble" value="5.486868964434194"/>
                <entry key="column_translate" type="xdouble" value="-0.1887375073761127"/>
                <entry key="column_min" type="xdouble" value="NaN"/>
                <entry key="column_max" type="xdouble" value="NaN"/>
            </config>
            <config key="Without-pay_workclass">
                <entry key="column_name" type="xstring" value="Without-pay_workclass"/>
                <entry key="column_scale" type="xdouble" value="53.38422339261981"/>
                <entry key="column_translate" type="xdouble" value="-0.018737881148690783"/>
                <entry key="column_min" type="xdouble" value="NaN"/>
                <entry key="column_max" type="xdouble" value="NaN"/>
            </config>
            <config key="Never-worked_workclass">
                <entry key="column_name" type="xstring" value="Never-worked_workclass"/>
                <entry key="column_scale" type="xdouble" value="75.49006644352794"/>
                <entry key="column_translate" type="xdouble" value="-0.01324851990935905"/>
                <entry key="column_min" type="xdouble" value="NaN"/>
                <entry key="column_max" type="xdouble" value="NaN"/>
            </config>
            <config key="Missing_workclass">
                <entry key="column_name" type="xstring" value="Missing_workclass"/>
                <entry key="column_scale" type="xdouble" value="4.349775108312375"/>
                <entry key="column_translate" type="xdouble" value="-0.2435202280715413"/>
                <entry key="column_min" type="xdouble" value="NaN"/>
                <entry key="column_max" type="xdouble" value="NaN"/>
            </config>
            <config key="Adm-clerical_occupation">
                <entry key="column_name" type="xstring" value="Adm-clerical_occupation"/>
                <entry key="column_scale" type="xdouble" value="3.136115719418773"/>
                <entry key="column_translate" type="xdouble" value="-0.3602295083116171"/>
                <entry key="column_min" type="xdouble" value="NaN"/>
                <entry key="column_max" type="xdouble" value="NaN"/>
            </config>
            <config key="Exec-managerial_occupation">
                <entry key="column_name" type="xstring" value="Exec-managerial_occupation"/>
                <entry key="column_scale" type="xdouble" value="3.0222860814968038"/>
                <entry key="column_translate" type="xdouble" value="-0.3781835689903865"/>
                <entry key="column_min" type="xdouble" value="NaN"/>
                <entry key="column_max" type="xdouble" value="NaN"/>
            </config>
            <config key="Handlers-cleaners_occupation">
                <entry key="column_name" type="xstring" value="Handlers-cleaners_occupation"/>
                <entry key="column_scale" type="xdouble" value="5.003396318297251"/>
                <entry key="column_translate" type="xdouble" value="-0.20854802134004938"/>
                <entry key="column_min" type="xdouble" value="NaN"/>
                <entry key="column_max" type="xdouble" value="NaN"/>
            </config>
            <config key="Prof-specialty_occupation">
                <entry key="column_name" type="xstring" value="Prof-specialty_occupation"/>
                <entry key="column_scale" type="xdouble" value="3.000783647138151"/>
                <entry key="column_translate" type="xdouble" value="-0.3818125911153318"/>
                <entry key="column_min" type="xdouble" value="NaN"/>
                <entry key="column_max" type="xdouble" value="NaN"/>
            </config>
            <config key="Other-service_occupation">
                <entry key="column_name" type="xstring" value="Other-service_occupation"/>
                <entry key="column_scale" type="xdouble" value="3.3052170985137077"/>
                <entry key="column_translate" type="xdouble" value="-0.336873434531736"/>
                <entry key="column_min" type="xdouble" value="NaN"/>
                <entry key="column_max" type="xdouble" value="NaN"/>
            </config>
            <config key="Sales_occupation">
                <entry key="column_name" type="xstring" value="Sales_occupation"/>
                <entry key="column_scale" type="xdouble" value="3.1481889834656074"/>
                <entry key="column_translate" type="xdouble" value="-0.3584393827699736"/>
                <entry key="column_min" type="xdouble" value="NaN"/>
                <entry key="column_max" type="xdouble" value="NaN"/>
            </config>
            <config key="Craft-repair_occupation">
                <entry key="column_name" type="xstring" value="Craft-repair_occupation"/>
                <entry key="column_scale" type="xdouble" value="3.0259269048686073"/>
                <entry key="column_translate" type="xdouble" value="-0.37757704973000666"/>
                <entry key="column_min" type="xdouble" value="NaN"/>
                <entry key="column_max" type="xdouble" value="NaN"/>
            </config>
            <config key="Transport-moving_occupation">
                <entry key="column_name" type="xstring" value="Transport-moving_occupation"/>
                <entry key="column_scale" type="xdouble" value="4.620230000192058"/>
                <entry key="column_translate" type="xdouble" value="-0.22764646762968108"/>
                <entry key="column_min" type="xdouble" value="NaN"/>
                <entry key="column_max" type="xdouble" value="NaN"/>
            </config>
            <config key="Farming-fishing_occupation">
                <entry key="column_name" type="xstring" value="Farming-fishing_occupation"/>
                <entry key="column_scale" type="xdouble" value="5.915742621468065"/>
                <entry key="column_translate" type="xdouble" value="-0.17416037640422394"/>
                <entry key="column_min" type="xdouble" value="NaN"/>
                <entry key="column_max" type="xdouble" value="NaN"/>
            </config>
            <config key="Machine-op-inspct_occupation">
                <entry key="column_name" type="xstring" value="Machine-op-inspct_occupation"/>
                <entry key="column_scale" type="xdouble" value="4.103652337193885"/>
                <entry key="column_translate" type="xdouble" value="-0.26016925356463466"/>
                <entry key="column_min" type="xdouble" value="NaN"/>
                <entry key="column_max" type="xdouble" value="NaN"/>
            </config>
            <config key="Tech-support_occupation">
                <entry key="column_name" type="xstring" value="Tech-support_occupation"/>
                <entry key="column_scale" type="xdouble" value="6.057678299296424"/>
                <entry key="column_translate" type="xdouble" value="-0.1698339958428577"/>
                <entry key="column_min" type="xdouble" value="NaN"/>
                <entry key="column_max" type="xdouble" value="NaN"/>
            </config>
            <config key="Protective-serv_occupation">
                <entry key="column_name" type="xstring" value="Protective-serv_occupation"/>
                <entry key="column_scale" type="xdouble" value="7.259473674374531"/>
                <entry key="column_translate" type="xdouble" value="-0.14046278915405322"/>
                <entry key="column_min" type="xdouble" value="NaN"/>
                <entry key="column_max" type="xdouble" value="NaN"/>
            </config>
            <config key="Armed-Forces_occupation">
                <entry key="column_name" type="xstring" value="Armed-Forces_occupation"/>
                <entry key="column_scale" type="xdouble" value="61.64008614070044"/>
                <entry key="column_translate" type="xdouble" value="-0.016226768903308313"/>
                <entry key="column_min" type="xdouble" value="NaN"/>
                <entry key="column_max" type="xdouble" value="NaN"/>
            </config>
            <config key="Priv-house-serv_occupation">
                <entry key="column_name" type="xstring" value="Priv-house-serv_occupation"/>
                <entry key="column_scale" type="xdouble" value="14.766913251597558"/>
                <entry key="column_translate" type="xdouble" value="-0.0680293915153448"/>
                <entry key="column_min" type="xdouble" value="NaN"/>
                <entry key="column_max" type="xdouble" value="NaN"/>
            </config>
            <config key="Missing_occupation">
                <entry key="column_name" type="xstring" value="Missing_occupation"/>
                <entry key="column_scale" type="xdouble" value="4.3433770199928725"/>
                <entry key="column_translate" type="xdouble" value="-0.24392429736709756"/>
                <entry key="column_min" type="xdouble" value="NaN"/>
                <entry key="column_max" type="xdouble" value="NaN"/>
            </config>
            <config key="Not-in-family_relationship">
                <entry key="column_name" type="xstring" value="Not-in-family_relationship"/>
                <entry key="column_scale" type="xdouble" value="2.2951625727400997"/>
                <entry key="column_translate" type="xdouble" value="-0.5845655815530186"/>
                <entry key="column_min" type="xdouble" value="NaN"/>
                <entry key="column_max" type="xdouble" value="NaN"/>
            </config>
            <config key="Husband_relationship">
                <entry key="column_name" type="xstring" value="Husband_relationship"/>
                <entry key="column_scale" type="xdouble" value="2.038370570919538"/>
                <entry key="column_translate" type="xdouble" value="-0.8222525021513795"/>
                <entry key="column_min" type="xdouble" value="NaN"/>
                <entry key="column_max" type="xdouble" value="NaN"/>
            </config>
            <config key="Wife_relationship">
                <entry key="column_name" type="xstring" value="Wife_relationship"/>
                <entry key="column_scale" type="xdouble" value="4.622181814641053"/>
                <entry key="column_translate" type="xdouble" value="-0.22753983836553468"/>
                <entry key="column_min" type="xdouble" value="NaN"/>
                <entry key="column_max" type="xdouble" value="NaN"/>
            </config>
            <config key="Own-child_relationship">
                <entry key="column_name" type="xstring" value="Own-child_relationship"/>
                <entry key="column_scale" type="xdouble" value="2.75951810046814"/>
                <entry key="column_translate" type="xdouble" value="-0.4290861770822732"/>
                <entry key="column_min" type="xdouble" value="NaN"/>
                <entry key="column_max" type="xdouble" value="NaN"/>
            </config>
            <config key="Unmarried_relationship">
                <entry key="column_name" type="xstring" value="Unmarried_relationship"/>
                <entry key="column_scale" type="xdouble" value="3.244227845170276"/>
                <entry key="column_translate" type="xdouble" value="-0.34489136841205537"/>
                <entry key="column_min" type="xdouble" value="NaN"/>
                <entry key="column_max" type="xdouble" value="NaN"/>
            </config>
            <config key="Other-relative_relationship">
                <entry key="column_name" type="xstring" value="Other-relative_relationship"/>
                <entry key="column_scale" type="xdouble" value="5.779741065304154"/>
                <entry key="column_translate" type="xdouble" value="-0.17852482054993524"/>
                <entry key="column_min" type="xdouble" value="NaN"/>
                <entry key="column_max" type="xdouble" value="NaN"/>
            </config>
            <config key="United-States_native-country">
                <entry key="column_name" type="xstring" value="United-States_native-country"/>
                <entry key="column_scale" type="xdouble" value="3.282788253317512"/>
                <entry key="column_translate" type="xdouble" value="-2.943015636189737"/>
                <entry key="column_min" type="xdouble" value="NaN"/>
                <entry key="column_max" type="xdouble" value="NaN"/>
            </config>
            <config key="Cuba_native-country">
                <entry key="column_name" type="xstring" value="Cuba_native-country"/>
                <entry key="column_scale" type="xdouble" value="18.20184991666197"/>
                <entry key="column_translate" type="xdouble" value="-0.05510388049533496"/>
                <entry key="column_min" type="xdouble" value="NaN"/>
                <entry key="column_max" type="xdouble" value="NaN"/>
            </config>
            <config key="Jamaica_native-country">
                <entry key="column_name" type="xstring" value="Jamaica_native-country"/>
                <entry key="column_scale" type="xdouble" value="20.19862772388795"/>
                <entry key="column_translate" type="xdouble" value="-0.049628077945670576"/>
                <entry key="column_min" type="xdouble" value="NaN"/>
                <entry key="column_max" type="xdouble" value="NaN"/>
            </config>
            <config key="India_native-country">
                <entry key="column_name" type="xstring" value="India_native-country"/>
                <entry key="column_scale" type="xdouble" value="18.201849916661985"/>
                <entry key="column_translate" type="xdouble" value="-0.05510388049533514"/>
                <entry key="column_min" type="xdouble" value="NaN"/>
                <entry key="column_max" type="xdouble" value="NaN"/>
            </config>
            <config key="Mexico_native-country">
                <entry key="column_name" type="xstring" value="Mexico_native-country"/>
                <entry key="column_scale" type="xdouble" value="7.267555818387062"/>
                <entry key="column_translate" type="xdouble" value="-0.14030030537426777"/>
                <entry key="column_min" type="xdouble" value="NaN"/>
                <entry key="column_max" type="xdouble" value="NaN"/>
            </config>
            <config key="South_native-country">
                <entry key="column_name" type="xstring" value="South_native-country"/>
                <entry key="column_scale" type="xdouble" value="20.198627723888027"/>
                <entry key="column_translate" type="xdouble" value="-0.049628077945670646"/>
                <entry key="column_min" type="xdouble" value="NaN"/>
                <entry key="column_max" type="xdouble" value="NaN"/>
            </config>
            <config key="Puerto-Rico_native-country">
                <entry key="column_name" type="xstring" value="Puerto-Rico_native-country"/>
                <entry key="column_scale" type="xdouble" value="17.578102849782088"/>
                <entry key="column_translate" type="xdouble" value="-0.05707176249929284"/>
                <entry key="column_min" type="xdouble" value="NaN"/>
                <entry key="column_max" type="xdouble" value="NaN"/>
            </config>
            <config key="Honduras_native-country">
                <entry key="column_name" type="xstring" value="Honduras_native-country"/>
                <entry key="column_scale" type="xdouble" value="50.3322330566839"/>
                <entry key="column_translate" type="xdouble" value="-0.019874960403218483"/>
                <entry key="column_min" type="xdouble" value="NaN"/>
                <entry key="column_max" type="xdouble" value="NaN"/>
            </config>
            <config key="England_native-country">
                <entry key="column_name" type="xstring" value="England_native-country"/>
                <entry key="column_scale" type="xdouble" value="19.848193447261608"/>
                <entry key="column_translate" type="xdouble" value="-0.05050874078365981"/>
                <entry key="column_min" type="xdouble" value="NaN"/>
                <entry key="column_max" type="xdouble" value="NaN"/>
            </config>
            <config key="Canada_native-country">
                <entry key="column_name" type="xstring" value="Canada_native-country"/>
                <entry key="column_scale" type="xdouble" value="16.90831092502865"/>
                <entry key="column_translate" type="xdouble" value="-0.05934823069508122"/>
                <entry key="column_min" type="xdouble" value="NaN"/>
                <entry key="column_max" type="xdouble" value="NaN"/>
            </config>
            <config key="Germany_native-country">
                <entry key="column_name" type="xstring" value="Germany_native-country"/>
                <entry key="column_scale" type="xdouble" value="15.521256543024933"/>
                <entry key="column_translate" type="xdouble" value="-0.06469460212299845"/>
                <entry key="column_min" type="xdouble" value="NaN"/>
                <entry key="column_max" type="xdouble" value="NaN"/>
            </config>
            <config key="Iran_native-country">
                <entry key="column_name" type="xstring" value="Iran_native-country"/>
                <entry key="column_scale" type="xdouble" value="29.070814457376713"/>
                <entry key="column_translate" type="xdouble" value="-0.034438048014618"/>
                <entry key="column_min" type="xdouble" value="NaN"/>
                <entry key="column_max" type="xdouble" value="NaN"/>
            </config>
            <config key="Philippines_native-country">
                <entry key="column_name" type="xstring" value="Philippines_native-country"/>
                <entry key="column_scale" type="xdouble" value="12.844069475261144"/>
                <entry key="column_translate" type="xdouble" value="-0.0783312415348062"/>
                <entry key="column_min" type="xdouble" value="NaN"/>
                <entry key="column_max" type="xdouble" value="NaN"/>
            </config>
            <config key="Italy_native-country">
                <entry key="column_name" type="xstring" value="Italy_native-country"/>
                <entry key="column_scale" type="xdouble" value="21.163283101002442"/>
                <entry key="column_translate" type="xdouble" value="-0.047355538704419387"/>
                <entry key="column_min" type="xdouble" value="NaN"/>
                <entry key="column_max" type="xdouble" value="NaN"/>
            </config>
            <config key="Poland_native-country">
                <entry key="column_name" type="xstring" value="Poland_native-country"/>
                <entry key="column_scale" type="xdouble" value="24.510503544041136"/>
                <entry key="column_translate" type="xdouble" value="-0.040865177898980594"/>
                <entry key="column_min" type="xdouble" value="NaN"/>
                <entry key="column_max" type="xdouble" value="NaN"/>
            </config>
            <config key="Columbia_native-country">
                <entry key="column_name" type="xstring" value="Columbia_native-country"/>
                <entry key="column_scale" type="xdouble" value="23.04398190523839"/>
                <entry key="column_translate" type="xdouble" value="-0.04347539583736615"/>
                <entry key="column_min" type="xdouble" value="NaN"/>
                <entry key="column_max" type="xdouble" value="NaN"/>
            </config>
            <config key="Cambodia_native-country">
                <entry key="column_name" type="xstring" value="Cambodia_native-country"/>
                <entry key="column_scale" type="xdouble" value="38.99231481529582"/>
                <entry key="column_translate" type="xdouble" value="-0.025661842849659604"/>
                <entry key="column_min" type="xdouble" value="NaN"/>
                <entry key="column_max" type="xdouble" value="NaN"/>
            </config>
            <config key="Thailand_native-country">
                <entry key="column_name" type="xstring" value="Thailand_native-country"/>
                <entry key="column_scale" type="xdouble" value="40.35999432798172"/>
                <entry key="column_translate" type="xdouble" value="-0.02479115130711426"/>
                <entry key="column_min" type="xdouble" value="NaN"/>
                <entry key="column_max" type="xdouble" value="NaN"/>
            </config>
            <config key="Ecuador_native-country">
                <entry key="column_name" type="xstring" value="Ecuador_native-country"/>
                <entry key="column_scale" type="xdouble" value="34.64862343873373"/>
                <entry key="column_translate" type="xdouble" value="-0.028883987598102148"/>
                <entry key="column_min" type="xdouble" value="NaN"/>
                <entry key="column_max" type="xdouble" value="NaN"/>
            </config>
            <config key="Laos_native-country">
                <entry key="column_name" type="xstring" value="Laos_native-country"/>
                <entry key="column_scale" type="xdouble" value="43.59186257639977"/>
                <entry key="column_translate" type="xdouble" value="-0.022951138597613087"/>
                <entry key="column_min" type="xdouble" value="NaN"/>
                <entry key="column_max" type="xdouble" value="NaN"/>
            </config>
            <config key="Taiwan_native-country">
                <entry key="column_name" type="xstring" value="Taiwan_native-country"/>
                <entry key="column_scale" type="xdouble" value="24.83897250376606"/>
                <entry key="column_translate" type="xdouble" value="-0.04032300731130868"/>
                <entry key="column_min" type="xdouble" value="NaN"/>
                <entry key="column_max" type="xdouble" value="NaN"/>
            </config>
            <config key="Haiti_native-country">
                <entry key="column_name" type="xstring" value="Haiti_native-country"/>
                <entry key="column_scale" type="xdouble" value="26.70618115790176"/>
                <entry key="column_translate" type="xdouble" value="-0.03749551584121017"/>
                <entry key="column_min" type="xdouble" value="NaN"/>
                <entry key="column_max" type="xdouble" value="NaN"/>
            </config>
            <config key="Portugal_native-country">
                <entry key="column_name" type="xstring" value="Portugal_native-country"/>
                <entry key="column_scale" type="xdouble" value="27.580813513260324"/>
                <entry key="column_translate" type="xdouble" value="-0.036303282090110904"/>
                <entry key="column_min" type="xdouble" value="NaN"/>
                <entry key="column_max" type="xdouble" value="NaN"/>
            </config>
            <config key="Dominican-Republic_native-country">
                <entry key="column_name" type="xstring" value="Dominican-Republic_native-country"/>
                <entry key="column_scale" type="xdouble" value="21.163283101002435"/>
                <entry key="column_translate" type="xdouble" value="-0.04735553870441918"/>
                <entry key="column_min" type="xdouble" value="NaN"/>
                <entry key="column_max" type="xdouble" value="NaN"/>
            </config>
            <config key="El-Salvador_native-country">
                <entry key="column_name" type="xstring" value="El-Salvador_native-country"/>
                <entry key="column_scale" type="xdouble" value="17.233408217579797"/>
                <entry key="column_translate" type="xdouble" value="-0.05822097370803987"/>
                <entry key="column_min" type="xdouble" value="NaN"/>
                <entry key="column_max" type="xdouble" value="NaN"/>
            </config>
            <config key="France_native-country">
                <entry key="column_name" type="xstring" value="France_native-country"/>
                <entry key="column_scale" type="xdouble" value="36.628510225618236"/>
                <entry key="column_translate" type="xdouble" value="-0.027320317384850426"/>
                <entry key="column_min" type="xdouble" value="NaN"/>
                <entry key="column_max" type="xdouble" value="NaN"/>
            </config>
            <config key="Guatemala_native-country">
                <entry key="column_name" type="xstring" value="Guatemala_native-country"/>
                <entry key="column_scale" type="xdouble" value="22.043523222015377"/>
                <entry key="column_translate" type="xdouble" value="-0.045456545780744775"/>
                <entry key="column_min" type="xdouble" value="NaN"/>
                <entry key="column_max" type="xdouble" value="NaN"/>
            </config>
            <config key="China_native-country">
                <entry key="column_name" type="xstring" value="China_native-country"/>
                <entry key="column_scale" type="xdouble" value="21.163283101002424"/>
                <entry key="column_translate" type="xdouble" value="-0.047355538704419095"/>
                <entry key="column_min" type="xdouble" value="NaN"/>
                <entry key="column_max" type="xdouble" value="NaN"/>
            </config>
            <config key="Japan_native-country">
                <entry key="column_name" type="xstring" value="Japan_native-country"/>
                <entry key="column_scale" type="xdouble" value="25.537676531298168"/>
                <entry key="column_translate" type="xdouble" value="-0.03921633373970848"/>
                <entry key="column_min" type="xdouble" value="NaN"/>
                <entry key="column_max" type="xdouble" value="NaN"/>
            </config>
            <config key="Yugoslavia_native-country">
                <entry key="column_name" type="xstring" value="Yugoslavia_native-country"/>
                <entry key="column_scale" type="xdouble" value="45.529216222898036"/>
                <entry key="column_translate" type="xdouble" value="-0.021973559953136188"/>
                <entry key="column_min" type="xdouble" value="NaN"/>
                <entry key="column_max" type="xdouble" value="NaN"/>
            </config>
            <config key="Peru_native-country">
                <entry key="column_name" type="xstring" value="Peru_native-country"/>
                <entry key="column_scale" type="xdouble" value="32.95886212531992"/>
                <entry key="column_translate" type="xdouble" value="-0.0303675019582186"/>
                <entry key="column_min" type="xdouble" value="NaN"/>
                <entry key="column_max" type="xdouble" value="NaN"/>
            </config>
            <config key="Outlying-US(Guam-USVI-etc)_native-country">
                <entry key="column_name" type="xstring" value="Outlying-US(Guam-USVI-etc)_native-country"/>
                <entry key="column_scale" type="xdouble" value="41.88262614682667"/>
                <entry key="column_translate" type="xdouble" value="-0.023888826777323072"/>
                <entry key="column_min" type="xdouble" value="NaN"/>
                <entry key="column_max" type="xdouble" value="NaN"/>
            </config>
            <config key="Scotland_native-country">
                <entry key="column_name" type="xstring" value="Scotland_native-country"/>
                <entry key="column_scale" type="xdouble" value="47.75039680514425"/>
                <entry key="column_translate" type="xdouble" value="-0.02095050754876457"/>
                <entry key="column_min" type="xdouble" value="NaN"/>
                <entry key="column_max" type="xdouble" value="NaN"/>
            </config>
            <config key="Trinadad&amp;Tobago_native-country">
                <entry key="column_name" type="xstring" value="Trinadad&amp;Tobago_native-country"/>
                <entry key="column_scale" type="xdouble" value="45.52921622289797"/>
                <entry key="column_translate" type="xdouble" value="-0.021973559953136195"/>
                <entry key="column_min" type="xdouble" value="NaN"/>
                <entry key="column_max" type="xdouble" value="NaN"/>
            </config>
            <config key="Greece_native-country">
                <entry key="column_name" type="xstring" value="Greece_native-country"/>
                <entry key="column_scale" type="xdouble" value="30.209949588791623"/>
                <entry key="column_translate" type="xdouble" value="-0.03313657159177743"/>
                <entry key="column_min" type="xdouble" value="NaN"/>
                <entry key="column_max" type="xdouble" value="NaN"/>
            </config>
            <config key="Nicaragua_native-country">
                <entry key="column_name" type="xstring" value="Nicaragua_native-country"/>
                <entry key="column_scale" type="xdouble" value="29.62394337703392"/>
                <entry key="column_translate" type="xdouble" value="-0.03379354720089884"/>
                <entry key="column_min" type="xdouble" value="NaN"/>
                <entry key="column_max" type="xdouble" value="NaN"/>
            </config>
            <config key="Vietnam_native-country">
                <entry key="column_name" type="xstring" value="Vietnam_native-country"/>
                <entry key="column_scale" type="xdouble" value="21.813174149560773"/>
                <entry key="column_translate" type="xdouble" value="-0.04593859069756601"/>
                <entry key="column_min" type="xdouble" value="NaN"/>
                <entry key="column_max" type="xdouble" value="NaN"/>
            </config>
            <config key="Hong_native-country">
                <entry key="column_name" type="xstring" value="Hong_native-country"/>
                <entry key="column_scale" type="xdouble" value="38.99231481529573"/>
                <entry key="column_translate" type="xdouble" value="-0.025661842849659472"/>
                <entry key="column_min" type="xdouble" value="NaN"/>
                <entry key="column_max" type="xdouble" value="NaN"/>
            </config>
            <config key="Ireland_native-country">
                <entry key="column_name" type="xstring" value="Ireland_native-country"/>
                <entry key="column_scale" type="xdouble" value="33.772042199991134"/>
                <entry key="column_translate" type="xdouble" value="-0.02963499666548911"/>
                <entry key="column_min" type="xdouble" value="NaN"/>
                <entry key="column_max" type="xdouble" value="NaN"/>
            </config>
            <config key="Hungary_native-country">
                <entry key="column_name" type="xstring" value="Hungary_native-country"/>
                <entry key="column_scale" type="xdouble" value="47.75039680514423"/>
                <entry key="column_translate" type="xdouble" value="-0.020950507548764607"/>
                <entry key="column_min" type="xdouble" value="NaN"/>
                <entry key="column_max" type="xdouble" value="NaN"/>
            </config>
            <config key="Holand-Netherlands_native-country">
                <entry key="column_name" type="xstring" value="Holand-Netherlands_native-country"/>
                <entry key="column_scale" type="xdouble" value="150.9701957341247"/>
                <entry key="column_translate" type="xdouble" value="-0.006623823961658674"/>
                <entry key="column_min" type="xdouble" value="NaN"/>
                <entry key="column_max" type="xdouble" value="NaN"/>
            </config>
            <config key="Missing_native-country">
                <entry key="column_name" type="xstring" value="Missing_native-country"/>
                <entry key="column_scale" type="xdouble" value="7.550872806699418"/>
                <entry key="column_translate" type="xdouble" value="-0.1348370144053465"/>
                <entry key="column_min" type="xdouble" value="NaN"/>
                <entry key="column_max" type="xdouble" value="NaN"/>
            </config>
        </config>
        <entry key="summary" type="xstring" value="Z-Score (Gaussian) normalization on 81 column(s)"/>
    </config>
</config>
