<?xml version="1.0" encoding="UTF-8"?>
<config xmlns="http://www.knime.org/2008/09/XMLConfig" xmlns:xsi="http://www.w3.org/2001/XMLSchema-instance" xsi:schemaLocation="http://www.knime.org/2008/09/XMLConfig http://www.knime.org/XMLConfig_2008_09.xsd" key="MiningSchema">
    <config key="learning">
        <entry key="array-size" type="xint" value="7"/>
        <entry key="0" type="xstring" value="EDAD"/>
        <entry key="1" type="xstring" value="NSE"/>
        <entry key="2" type="xstring" value="SEXO"/>
        <entry key="3" type="xstring" value="AUTOMOVI"/>
        <entry key="4" type="xstring" value="INSTRUCC"/>
        <entry key="5" type="xstring" value="ROL"/>
        <entry key="6" type="xstring" value="TARJETA"/>
    </config>
    <config key="target">
        <entry key="array-size" type="xint" value="0"/>
    </config>
</config>
