id_stop_departure,id_stop_arrival,category,pickup_time,loading
9,2062,INFLAMABLE,10:00:00,53.81
913,255,LÍQUIDO,13:00:00,62.22
521,2381,LÍQUIDO,13:30:00,46.05
240,4711,LÍQUIDO,13:30:00,85.57
437,556,DELICADO,18:35:00,92.78
369,106,LÍQUIDO,17:30:00,63.87
315,74,LÍQUIDO,18:45:00,940.59
3062,276,LÍQUIDO,14:30:00,96.50
556,562,LÍQUIDO,21:45:00,85.71
527,9,LÍQUIDO,7:40:00,95.61
556,7,INFLAMABLE,21:59:00,14.03
10,1337,INFLAMABLE,22:20:00,97.98
9,3062,INFLAMABLE,13:00:00,13.72
424,19,LÍQUIDO,23:30:00,62.84
49,315,DELICADO,21:00:00,35.05
1745,73,LÍQUIDO,0:30:00,44.65
1471,2951,LÍQUIDO,10:00:00,54.07
556,10,DELICADO,5:10:00,34.44
1534,416,LÍQUIDO,18:45:00,32.34
19,302,SÓLIDO,15:50:00,40.19
19,50,DELICADO,21:30:00,60.69
49,724,LÍQUIDO,15:15:00,2.54
797,26,INFLAMABLE,16:00:00,42.58
370,308,LÍQUIDO,19:00:00,81.18
1605,962,LÍQUIDO,21:15:00,15.45
9,49,INFLAMABLE,0:30:00,79.68
582,621,INFLAMABLE,23:00:00,17.80
3275,369,INFLAMABLE,15:00:00,18.78
334,49,DELICADO,21:30:00,34.15
2692,10,INFLAMABLE,22:40:00,4.00
725,137,INFLAMABLE,13:35:00,60.92
46,330,LÍQUIDO,19:00:00,32.63
10,3275,INFLAMABLE,19:00:00,60.94
521,562,LÍQUIDO,8:40:00,34.19
49,461,LÍQUIDO,0:24:00,12.27
46,556,LÍQUIDO,19:15:00,60.87
9,137,INFLAMABLE,15:00:00,13.59
4763,246,LÍQUIDO,22:05:00,28.47
3229,9,INFLAMABLE,0:20:00,11.54
10,713,PARTES,20:03:00,32.60
10,600,LÍQUIDO,10:00:00,47.77
1361,712,LÍQUIDO,0:15:00,19.15
18,65,SÓLIDO,9:40:00,42.17
54,232,LÍQUIDO,1:30:00,4.56
1432,556,LÍQUIDO,2:30:00,93.58
73,15,LÍQUIDO,20:40:00,13.34
15,350,INFLAMABLE,18:30:00,76.65
10,646,INFLAMABLE,18:20:00,12.68
10,226,INFLAMABLE,12:30:00,79.71
2741,26,SÓLIDO,17:30:00,73.44
922,19,LÍQUIDO,22:15:00,79.94
102,3039,INFLAMABLE,0:00:00,10.75
302,49,DELICADO,0:30:00,1.56
315,409,LÍQUIDO,13:00:00,56.93
9,10,INFLAMABLE,0:15:00,95.78
49,334,PARTES,21:30:00,83.64
1698,1432,LÍQUIDO,21:45:00,8.45
1471,106,INFLAMABLE,13:15:00,23.85
7,9,LÍQUIDO,11:05:00,36.00
7,556,LÍQUIDO,23:20:00,90.36
26,2481,LÍQUIDO,1:00:00,82.07
334,38,DELICADO,22:15:00,52.45
226,10,DELICADO,0:45:00,16.44
334,38,DELICADO,22:15:00,13.54
202,232,LÍQUIDO,9:30:00,53.22
582,437,DELICADO,11:30:00,39.12
19,26,LÍQUIDO,23:15:00,34.69
19,300,SÓLIDO,6:30:00,66.27
9,276,SÓLIDO,12:30:00,57.40
10,19,DELICADO,21:45:00,96.46
652,363,LÍQUIDO,20:35:00,64.93
4723,19,SÓLIDO,2:30:00,34.48
9,246,SÓLIDO,12:30:00,60.99
10,1471,DELICADO,20:00:00,5.53
469,49,DELICADO,0:55:00,52.65
9,4763,LÍQUIDO,23:00:00,13.98
46,2481,LÍQUIDO,19:15:00,99.14
4136,10,SÓLIDO,8:45:00,22.37
365,369,SÓLIDO,18:00:00,28.33
334,19,INFLAMABLE,0:30:00,34.48
19,7,DELICADO,21:30:00,54.42
14,17,DELICADO,2:50:00,87.06
1351,469,PARTES,21:00:00,23.37
3060,9,LÍQUIDO,9:15:00,50.18
9,3287,LÍQUIDO,13:00:00,70.60
330,50,DELICADO,20:50:00,34.23
556,1675,INFLAMABLE,19:30:00,63.55
246,235,LÍQUIDO,13:25:00,16.22
3906,10,INFLAMABLE,11:20:00,39.97
350,15,INFLAMABLE,18:30:00,57.97
2470,315,DELICADO,20:30:00,36.11
19,4411,LÍQUIDO,15:15:00,63.34
4723,290,SÓLIDO,17:50:00,24.81
232,49,LÍQUIDO,12:30:00,41.32
545,787,SÓLIDO,6:00:00,74.62
437,583,LÍQUIDO,13:00:00,29.37
350,364,LÍQUIDO,18:35:00,73.17
1471,10,LÍQUIDO,20:20:00,20.66
583,10,DELICADO,13:00:00,82.99
1471,507,INFLAMABLE,21:30:00,5.55
2939,19,DELICADO,13:15:00,67.87
315,49,DELICADO,18:00:00,18.77
521,524,INFLAMABLE,11:30:00,24.17
26,19,LÍQUIDO,10:00:00,7.91
2062,208,LÍQUIDO,23:15:00,3.69
4763,712,INFLAMABLE,8:25:00,46.76
290,10,DELICADO,23:37:00,32.61
10,585,DELICADO,20:00:00,89.66
2451,10,SÓLIDO,16:00:00,22.32
26,19,LÍQUIDO,8:30:00,44.81
916,556,INFLAMABLE,20:55:00,70.06
10,315,DELICADO,18:00:00,69.33
15,3642,INFLAMABLE,19:25:00,47.09
50,2962,LÍQUIDO,18:10:00,4.30
1551,290,SÓLIDO,20:55:00,33.75
479,26,LÍQUIDO,16:35:00,60.85
582,436,INFLAMABLE,10:15:00,50.47
438,10,DELICADO,17:35:00,89.85
38,409,DELICADO,21:55:00,43.28
9,4763,INFLAMABLE,23:45:00,57.20
8721,1351,LÍQUIDO,7:45:00,55.83
2486,469,LÍQUIDO,19:35:00,58.84
2956,10,DELICADO,18:15:00,77.67
10,2963,LÍQUIDO,19:00:00,36.86
10,334,PARTES,21:00:00,22.35
49,232,LÍQUIDO,10:20:00,57.91
19,32,LÍQUIDO,18:30:00,8.04
10,65,INFLAMABLE,17:00:00,33.81
521,524,SÓLIDO,8:00:00,86.60
315,10,DELICADO,19:00:00,61.53
10,3275,INFLAMABLE,18:30:00,72.51
19,325,INFLAMABLE,13:15:00,35.96
19,4720,SÓLIDO,20:55:00,38.00
334,49,PARTES,22:15:00,5.72
315,1070,DELICADO,20:00:00,70.15
1063,246,LÍQUIDO,15:20:00,54.47
255,9,SÓLIDO,6:30:00,86.31
521,38,LÍQUIDO,17:00:00,61.85
315,26,LÍQUIDO,18:00:00,8.39
564,583,SÓLIDO,12:30:00,36.79
580,562,SÓLIDO,8:50:00,39.03
10,713,PARTES,20:02:00,89.87
19,2584,SÓLIDO,18:00:00,24.63
585,556,DELICADO,21:15:00,80.22
1211,19,INFLAMABLE,23:59:00,44.08
49,165,DELICADO,21:30:00,8.07
1469,10,PARTES,20:00:00,16.57
521,579,LÍQUIDO,11:30:00,39.27
10,65,LÍQUIDO,17:30:00,68.97
2939,10,INFLAMABLE,19:15:00,17.53
10,9,LÍQUIDO,11:30:00,58.60
626,10,PARTES,9:35:00,10.43
9,276,SÓLIDO,12:30:00,81.28
4723,19,SÓLIDO,15:15:00,23.22
10,3910,LÍQUIDO,16:00:00,51.32
10,226,INFLAMABLE,12:30:00,20.62
246,7,INFLAMABLE,15:20:00,67.49
521,522,SÓLIDO,19:00:00,0.93
49,315,DELICADO,21:10:00,50.50
10,594,DELICADO,20:30:00,42.10
521,524,LÍQUIDO,13:30:00,77.19
58,712,LÍQUIDO,11:05:00,69.50
416,19,LÍQUIDO,16:15:00,47.93
9,201,LÍQUIDO,0:30:00,5.77
65,350,INFLAMABLE,12:05:00,7.93
10,713,PARTES,20:01:00,41.13
58,65,SÓLIDO,18:30:00,31.59
583,582,SÓLIDO,20:00:00,87.32
806,9,LÍQUIDO,9:35:00,52.25
442,26,PARTES,19:30:00,39.03
19,290,SÓLIDO,22:50:00,35.52
10,2692,INFLAMABLE,23:00:00,96.15
19,350,LÍQUIDO,21:00:00,13.13
10,334,PARTES,21:00:00,91.47
235,276,LÍQUIDO,10:10:00,0.77
10,3030,LÍQUIDO,21:15:00,5.76
234,9,INFLAMABLE,15:45:00,56.34
19,26,INFLAMABLE,6:30:00,33.78
10,1807,LÍQUIDO,21:15:00,7.87
115,255,LÍQUIDO,23:50:00,26.15
315,334,LÍQUIDO,18:00:00,9.26
556,19,LÍQUIDO,20:10:00,75.99
10,583,DELICADO,20:00:00,8.76
2956,10,INFLAMABLE,18:15:00,33.56
49,712,INFLAMABLE,23:00:00,34.34
747,7,INFLAMABLE,18:20:00,22.64
334,409,PARTES,7:15:00,81.20
2480,315,LÍQUIDO,20:00:00,41.21
328,19,SÓLIDO,17:45:00,2.41
2946,10,DELICADO,18:30:00,63.37
10,626,INFLAMABLE,12:30:00,52.66
17,921,INFLAMABLE,16:30:00,15.50
652,17,LÍQUIDO,21:10:00,66.21
49,556,DELICADO,20:40:00,88.47
3030,46,LÍQUIDO,1:15:00,91.96
1699,9,LÍQUIDO,22:00:00,16.92
1437,19,LÍQUIDO,22:10:00,87.65
15,17,INFLAMABLE,4:50:00,21.53
19,290,SÓLIDO,19:00:00,46.83
350,17,INFLAMABLE,18:30:00,71.93
290,19,SÓLIDO,17:20:00,3.74
276,9,SÓLIDO,6:10:00,3.06
3062,712,INFLAMABLE,10:30:00,13.61
933,934,LÍQUIDO,8:45:00,62.99
517,1432,INFLAMABLE,3:50:00,25.45
9,179,SÓLIDO,5:30:00,3.65
10,725,LÍQUIDO,16:00:00,61.19
1449,315,PARTES,20:20:00,57.24
10,245,LÍQUIDO,17:00:00,51.55
19,31,LÍQUIDO,6:05:00,92.82
19,1552,LÍQUIDO,6:20:00,95.45
621,3975,SÓLIDO,10:00:00,81.54
19,10,DELICADO,22:00:00,45.13
545,1437,SÓLIDO,9:15:00,40.60
232,1034,LÍQUIDO,23:55:00,42.91
38,208,LÍQUIDO,13:06:00,91.29
10,9,INFLAMABLE,13:00:00,64.21
521,579,INFLAMABLE,23:20:00,83.16
620,621,INFLAMABLE,6:15:00,52.41
1337,46,LÍQUIDO,10:00:00,73.49
3060,255,INFLAMABLE,22:55:00,60.11
49,3913,LÍQUIDO,18:15:00,40.43
208,3060,LÍQUIDO,23:00:00,62.56
10,372,LÍQUIDO,19:00:00,70.77
46,484,LÍQUIDO,19:00:00,57.04
372,651,LÍQUIDO,16:00:00,34.48
1471,15,INFLAMABLE,13:15:00,59.03
65,10,SÓLIDO,12:30:00,12.58
10,75,INFLAMABLE,21:00:00,4.81
19,787,INFLAMABLE,22:40:00,20.29
1449,330,PARTES,20:20:00,50.66
315,518,LÍQUIDO,13:00:00,91.77
276,9,SÓLIDO,6:10:00,52.78
517,1432,INFLAMABLE,3:50:00,7.52
330,490,LÍQUIDO,19:30:00,26.35
521,3647,LÍQUIDO,16:30:00,30.86
31,49,DELICADO,20:10:00,27.81
932,556,LÍQUIDO,18:00:00,21.03
1432,7,LÍQUIDO,23:20:00,15.65
201,249,LÍQUIDO,23:30:00,40.49
19,301,SÓLIDO,16:30:00,11.27
10,2103,INFLAMABLE,21:05:00,21.12
521,3664,SÓLIDO,18:00:00,65.04
17,81,LÍQUIDO,16:30:00,84.89
10,3908,LÍQUIDO,18:00:00,1.24
302,290,SÓLIDO,11:20:00,80.01
350,4763,DELICADO,20:15:00,59.41
19,4720,SÓLIDO,13:20:00,33.55
10,4019,INFLAMABLE,17:15:00,14.61
19,8113,SÓLIDO,15:50:00,90.18
226,10,DELICADO,0:45:00,63.45
65,10,LÍQUIDO,13:00:00,96.89
932,10,INFLAMABLE,23:30:00,30.94
196,9,INFLAMABLE,7:15:00,62.46
246,4763,INFLAMABLE,23:45:00,31.20
1471,10,INFLAMABLE,19:40:00,14.62
556,713,INFLAMABLE,3:05:00,4.90
58,3919,LÍQUIDO,14:30:00,56.74
4763,16,INFLAMABLE,21:00:00,33.99
4763,2172,INFLAMABLE,22:35:00,89.78
196,9,INFLAMABLE,7:15:00,77.40
10,372,LÍQUIDO,20:00:00,76.78
521,562,PARTES,7:00:00,86.12
19,1552,LÍQUIDO,17:40:00,39.05
1070,315,SÓLIDO,4:00:00,96.94
232,9,SÓLIDO,5:30:00,52.07
290,506,SÓLIDO,19:00:00,6.42
521,524,LÍQUIDO,8:00:00,60.43
1447,232,LÍQUIDO,7:30:00,21.98
300,10,DELICADO,23:05:00,24.14
527,9,LÍQUIDO,15:10:00,39.05
369,651,LÍQUIDO,7:00:00,2.97
249,1447,LÍQUIDO,16:05:00,13.00
10,594,DELICADO,20:30:00,52.71
409,49,PARTES,18:15:00,71.52
2444,19,LÍQUIDO,21:40:00,60.20
201,9,INFLAMABLE,14:30:00,38.38
9,308,LÍQUIDO,13:00:00,57.85
3215,49,INFLAMABLE,17:30:00,30.20
587,10,DELICADO,23:00:00,98.75
442,49,DELICADO,18:30:00,12.20
4763,3916,LÍQUIDO,16:30:00,18.23
10,1463,DELICADO,15:00:00,3.65
38,334,DELICADO,21:45:00,76.83
10,469,LÍQUIDO,18:00:00,54.12
374,325,LÍQUIDO,3:15:00,52.83
49,1471,DELICADO,14:00:00,43.12
9,276,SÓLIDO,17:30:00,3.21
387,19,SÓLIDO,15:40:00,11.42
2067,232,LÍQUIDO,22:15:00,23.70
4763,3030,INFLAMABLE,14:45:00,15.77
49,244,LÍQUIDO,7:10:00,36.97
3287,9,INFLAMABLE,23:45:00,11.60
19,1021,SÓLIDO,18:25:00,10.55
1471,595,LÍQUIDO,14:45:00,41.32
580,521,LÍQUIDO,0:44:00,30.43
10,19,PARTES,23:31:00,20.29
315,50,DELICADO,18:00:00,24.78
10,713,PARTES,19:30:00,25.42
31,10,DELICADO,20:22:00,73.41
10,594,LÍQUIDO,20:10:00,63.72
570,469,LÍQUIDO,2:50:00,49.90
1471,2956,LÍQUIDO,15:45:00,14.44
1471,2947,LÍQUIDO,15:15:00,5.66
933,46,INFLAMABLE,23:00:00,37.39
46,933,INFLAMABLE,10:30:00,18.21
302,10,DELICADO,0:35:00,35.09
19,290,SÓLIDO,8:00:00,26.04
482,933,INFLAMABLE,1:30:00,63.75
545,564,LÍQUIDO,0:45:00,59.38
249,115,LÍQUIDO,14:25:00,50.03
10,583,DELICADO,20:00:00,42.00
31,19,LÍQUIDO,21:45:00,79.94
580,521,INFLAMABLE,13:55:00,85.70
323,1211,INFLAMABLE,19:15:00,55.63
10,1469,LÍQUIDO,18:30:00,70.98
10,15,DELICADO,20:50:00,34.20
369,38,LÍQUIDO,19:00:00,10.84
232,9,SÓLIDO,5:30:00,71.93
369,1598,LÍQUIDO,12:40:00,26.59
10,438,DELICADO,20:00:00,44.26
773,26,INFLAMABLE,11:30:00,34.04
26,482,INFLAMABLE,12:15:00,26.14
1598,369,LÍQUIDO,0:05:00,96.66
10,409,PARTES,21:05:00,24.42
19,543,INFLAMABLE,17:30:00,60.45
10,315,LÍQUIDO,19:45:00,11.27
3030,3091,LÍQUIDO,19:05:00,47.77
19,507,DELICADO,12:15:00,19.28
2940,1471,LÍQUIDO,22:35:00,69.35
484,1675,LÍQUIDO,22:15:00,8.84
1471,10,LÍQUIDO,17:00:00,71.31
10,2738,INFLAMABLE,21:05:00,91.77
49,17,LÍQUIDO,19:10:00,87.00
9,255,SÓLIDO,12:30:00,1.15
8954,19,LÍQUIDO,6:00:00,20.05
308,232,LÍQUIDO,23:26:00,0.32
8750,4241,LÍQUIDO,7:00:00,68.38
26,482,INFLAMABLE,12:15:00,62.46
330,334,LÍQUIDO,18:45:00,70.73
14,506,LÍQUIDO,4:20:00,66.18
3060,9,LÍQUIDO,9:15:00,43.11
10,373,DELICADO,19:45:00,10.85
924,8721,LÍQUIDO,15:20:00,88.33
2762,10,INFLAMABLE,21:35:00,75.48
19,301,SÓLIDO,8:00:00,34.71
469,76,LÍQUIDO,23:40:00,22.73
924,19,LÍQUIDO,15:20:00,60.68
3965,619,INFLAMABLE,20:50:00,82.62
9,2062,LÍQUIDO,14:00:00,19.66
1070,315,SÓLIDO,18:00:00,60.91
2167,19,INFLAMABLE,23:10:00,18.20
46,932,LÍQUIDO,19:15:00,81.80
46,1337,LÍQUIDO,20:45:00,52.75
9,10,LÍQUIDO,16:15:00,43.33
1496,7,LÍQUIDO,23:20:00,52.98
19,482,SÓLIDO,17:35:00,91.55
564,583,SÓLIDO,21:00:00,48.86
315,9,INFLAMABLE,13:00:00,84.70
276,9,LÍQUIDO,12:05:00,3.83
10,65,LÍQUIDO,18:30:00,53.59
2939,10,DELICADO,13:30:00,77.47
334,2290,LÍQUIDO,21:30:00,75.98
165,10,DELICADO,19:45:00,79.37
469,315,LÍQUIDO,5:50:00,81.88
9,10,LÍQUIDO,14:30:00,96.31
924,19,LÍQUIDO,9:20:00,27.81
75,556,INFLAMABLE,22:10:00,50.15
436,583,DELICADO,7:30:00,10.03
372,10,LÍQUIDO,16:20:00,22.68
521,524,LÍQUIDO,13:30:00,93.07
2167,1471,DELICADO,6:45:00,52.37
725,10,INFLAMABLE,15:20:00,76.38
9,246,SÓLIDO,20:00:00,17.53
49,3913,LÍQUIDO,18:15:00,1.11
19,506,LÍQUIDO,6:20:00,10.90
1070,315,SÓLIDO,4:00:00,54.50
10,9,INFLAMABLE,0:30:00,35.82
8721,924,LÍQUIDO,9:45:00,81.46
4763,65,INFLAMABLE,18:01:00,7.25
226,10,DELICADO,0:45:00,84.16
49,409,DELICADO,21:31:00,79.22
594,595,LÍQUIDO,8:30:00,28.58
652,363,LÍQUIDO,20:15:00,89.34
409,334,PARTES,18:00:00,82.70
1073,249,LÍQUIDO,23:25:00,72.13
308,9,LÍQUIDO,8:50:00,60.76
9,3230,SÓLIDO,18:00:00,44.29
10,516,DELICADO,19:50:00,20.06
369,1598,LÍQUIDO,12:40:00,70.76
10,2362,SÓLIDO,12:30:00,55.84
1070,315,SÓLIDO,13:00:00,32.99
10,226,LÍQUIDO,12:30:00,22.02
308,9,LÍQUIDO,22:35:00,6.05
19,3794,SÓLIDO,19:20:00,4.90
564,583,SÓLIDO,21:00:00,15.34
232,3287,LÍQUIDO,15:35:00,25.76
205,315,DELICADO,20:10:00,56.29
10,370,INFLAMABLE,19:45:00,10.45
365,652,LÍQUIDO,21:05:00,79.41
372,10,INFLAMABLE,16:55:00,49.28
1034,232,LÍQUIDO,23:46:00,42.76
290,26,SÓLIDO,19:00:00,70.25
51,240,LÍQUIDO,7:30:00,23.98
712,49,LÍQUIDO,16:45:00,52.23
369,187,INFLAMABLE,19:50:00,42.70
10,18,SÓLIDO,17:00:00,30.05
73,9,INFLAMABLE,7:50:00,34.26
323,1211,INFLAMABLE,19:15:00,59.15
58,3906,SÓLIDO,14:55:00,17.86
19,3090,SÓLIDO,11:00:00,58.91
49,9,LÍQUIDO,1:30:00,33.36
19,325,INFLAMABLE,16:00:00,88.48
49,9,LÍQUIDO,10:30:00,64.12
165,49,DELICADO,19:30:00,99.24
587,617,DELICADO,23:00:00,88.62
334,49,DELICADO,23:30:00,80.57
350,64,INFLAMABLE,20:00:00,97.84
8721,922,LÍQUIDO,15:30:00,70.70
10,19,DELICADO,22:30:00,0.80
10,3912,LÍQUIDO,17:30:00,46.19
4763,1469,LÍQUIDO,22:40:00,7.98
3287,249,LÍQUIDO,23:25:00,61.26
10,1463,DELICADO,15:00:00,6.99
19,26,LÍQUIDO,4:45:00,63.40
369,10,DELICADO,20:25:00,19.51
350,107,DELICADO,20:15:00,22.36
595,10,PARTES,20:35:00,83.37
443,49,DELICADO,19:50:00,35.13
19,31,LÍQUIDO,0:00:00,33.40
1337,46,LÍQUIDO,10:00:00,95.54
10,436,DELICADO,16:30:00,42.74
644,617,LÍQUIDO,3:20:00,82.44
713,562,SÓLIDO,18:00:00,31.04
695,10,DELICADO,21:25:00,37.40
19,301,SÓLIDO,20:00:00,83.60
594,10,DELICADO,21:15:00,88.99
583,3204,SÓLIDO,8:30:00,56.97
556,583,DELICADO,5:30:00,77.04
10,9,LÍQUIDO,23:45:00,62.52
594,1447,PARTES,21:15:00,31.37
290,19,SÓLIDO,16:30:00,22.68
3227,19,INFLAMABLE,8:00:00,35.24
10,651,LÍQUIDO,20:10:00,29.35
40,255,INFLAMABLE,22:30:00,26.61
15,10,LÍQUIDO,19:30:00,6.54
617,438,DELICADO,20:25:00,58.55
17,16,LÍQUIDO,16:50:00,86.47
76,517,LÍQUIDO,22:00:00,3.60
364,49,LÍQUIDO,0:45:00,59.93
58,3919,LÍQUIDO,14:30:00,73.02
620,621,INFLAMABLE,4:10:00,7.12
582,644,DELICADO,9:20:00,58.07
3647,521,LÍQUIDO,5:00:00,68.29
19,4723,SÓLIDO,19:00:00,41.72
19,26,LÍQUIDO,9:00:00,75.65
1466,10,PARTES,21:49:00,82.40
3039,9,INFLAMABLE,22:35:00,57.11
18,65,SÓLIDO,18:30:00,18.77
1469,50,LÍQUIDO,19:35:00,92.85
369,17,INFLAMABLE,17:30:00,70.71
594,10,PARTES,21:15:00,77.54
3957,3975,LÍQUIDO,14:00:00,28.06
19,387,SÓLIDO,8:30:00,23.44
315,38,DELICADO,18:00:00,87.65
31,10,DELICADO,21:05:00,54.23
787,10,DELICADO,22:05:00,59.24
49,401,LÍQUIDO,20:10:00,49.35
1675,556,INFLAMABLE,1:45:00,54.61
3060,255,INFLAMABLE,22:55:00,28.60
73,1592,LÍQUIDO,19:50:00,65.89
10,4168,LÍQUIDO,10:00:00,32.61
369,366,SÓLIDO,19:00:00,51.33
38,106,INFLAMABLE,19:10:00,84.99
107,525,LÍQUIDO,21:10:00,71.08
19,922,LÍQUIDO,12:45:00,84.60
369,10,DELICADO,20:20:00,52.46
19,1552,LÍQUIDO,7:30:00,4.17
10,633,LÍQUIDO,20:00:00,34.10
620,10,DELICADO,23:05:00,84.59
2349,521,LÍQUIDO,10:00:00,19.15
3287,276,LÍQUIDO,14:10:00,48.88
40,369,LÍQUIDO,20:20:00,8.82
19,301,SÓLIDO,18:30:00,89.92
10,3910,LÍQUIDO,16:00:00,43.49
334,330,LÍQUIDO,7:00:00,49.61
244,10,DELICADO,20:20:00,28.91
4763,372,DELICADO,20:30:00,32.56
556,583,DELICADO,5:30:00,0.48
10,2745,INFLAMABLE,21:10:00,25.18
2356,1449,LÍQUIDO,11:00:00,88.12
31,50,DELICADO,20:10:00,2.23
10,2738,INFLAMABLE,21:05:00,96.22
556,10,DELICADO,21:00:00,42.41
10,2765,INFLAMABLE,21:05:00,44.61
9,201,LÍQUIDO,0:30:00,75.20
19,482,SÓLIDO,15:30:00,13.92
3060,9,INFLAMABLE,0:25:00,91.84
484,556,INFLAMABLE,23:30:00,67.95
290,19,SÓLIDO,17:30:00,59.55
334,82,LÍQUIDO,5:30:00,49.92
3287,249,LÍQUIDO,23:25:00,32.42
4763,1384,LÍQUIDO,19:50:00,64.17
19,469,INFLAMABLE,19:30:00,92.50
10,747,PARTES,20:05:00,0.74
442,1071,DELICADO,5:20:00,37.08
54,232,INFLAMABLE,0:40:00,60.02
594,651,LÍQUIDO,7:00:00,43.87
2062,199,LÍQUIDO,13:25:00,9.32
556,916,INFLAMABLE,21:00:00,53.10
437,10,DELICADO,16:30:00,0.96
1471,2167,SÓLIDO,20:30:00,50.39
232,1034,LÍQUIDO,23:55:00,3.43
58,246,LÍQUIDO,0:50:00,76.64
10,18,LÍQUIDO,19:00:00,19.14
49,409,PARTES,21:40:00,30.46
19,1552,LÍQUIDO,8:30:00,62.65
4763,199,LÍQUIDO,22:35:00,29.11
19,301,SÓLIDO,16:00:00,57.35
1463,19,LÍQUIDO,17:20:00,5.85
747,556,LÍQUIDO,6:10:00,31.74
4763,369,LÍQUIDO,19:20:00,14.42
10,3030,LÍQUIDO,21:15:00,92.91
517,7,LÍQUIDO,22:00:00,87.90
516,10,DELICADO,21:45:00,57.40
438,9,INFLAMABLE,15:55:00,30.94
1462,10,LÍQUIDO,3:50:00,91.39
10,3316,LÍQUIDO,16:00:00,69.08
106,15,INFLAMABLE,21:00:00,63.31
10,562,LÍQUIDO,12:30:00,9.74
652,1592,LÍQUIDO,20:15:00,34.36
49,484,DELICADO,19:50:00,97.83
46,2191,LÍQUIDO,19:00:00,93.92
315,334,LÍQUIDO,18:00:00,51.54
196,725,LÍQUIDO,14:45:00,7.51
19,2085,LÍQUIDO,20:30:00,4.41
507,75,INFLAMABLE,16:30:00,51.28
19,2583,SÓLIDO,15:00:00,38.66
10,1466,PARTES,20:00:00,5.98
484,46,LÍQUIDO,4:10:00,88.64
46,484,INFLAMABLE,10:15:00,21.36
1471,10,DELICADO,16:00:00,5.71
713,589,LÍQUIDO,21:30:00,12.27
10,438,DELICADO,16:30:00,76.55
201,9,LÍQUIDO,7:00:00,36.09
1063,232,LÍQUIDO,1:05:00,62.64
922,19,LÍQUIDO,16:30:00,28.67
19,409,PARTES,23:15:00,2.25
9,234,LÍQUIDO,0:30:00,45.92
14,49,LÍQUIDO,2:30:00,77.46
487,19,SÓLIDO,2:05:00,1.13
1471,506,DELICADO,17:30:00,73.90
19,290,SÓLIDO,21:00:00,83.79
10,9,INFLAMABLE,2:00:00,42.23
19,26,LÍQUIDO,19:15:00,54.11
1063,9,LÍQUIDO,11:10:00,38.05
255,40,LÍQUIDO,11:25:00,85.98
9,3287,LÍQUIDO,14:00:00,65.73
369,4676,SÓLIDO,19:00:00,67.34
65,10,LÍQUIDO,15:00:00,65.45
1063,350,LÍQUIDO,18:35:00,97.99
484,205,DELICADO,14:00:00,58.71
15,10,PARTES,19:15:00,64.18
9,314,LÍQUIDO,13:00:00,43.21
19,304,SÓLIDO,18:00:00,34.04
8721,26,LÍQUIDO,13:45:00,3.92
369,8416,LÍQUIDO,8:00:00,48.94
2067,276,LÍQUIDO,23:50:00,73.03
49,17,INFLAMABLE,19:10:00,77.97
10,3217,PARTES,20:05:00,31.59
201,9,LÍQUIDO,14:30:00,25.72
1350,7,INFLAMABLE,1:25:00,43.48
302,49,DELICADO,0:30:00,10.14
2939,10,LÍQUIDO,14:02:00,53.64
922,10,DELICADO,19:35:00,54.79
232,3287,LÍQUIDO,14:05:00,65.40
19,543,INFLAMABLE,14:30:00,19.89
334,49,PARTES,22:15:00,44.87
369,65,SÓLIDO,14:30:00,54.43
626,10,INFLAMABLE,9:35:00,33.60
1449,315,PARTES,20:20:00,16.60
2191,556,LÍQUIDO,23:40:00,97.89
1010,19,LÍQUIDO,3:00:00,35.78
369,4892,SÓLIDO,19:00:00,6.03
522,521,SÓLIDO,17:50:00,83.62
46,1337,LÍQUIDO,23:30:00,19.93
147,10,LÍQUIDO,18:45:00,66.13
26,290,SÓLIDO,6:10:00,71.45
26,2481,LÍQUIDO,1:00:00,28.72
521,3647,DELICADO,20:00:00,84.41
369,87,INFLAMABLE,17:30:00,92.20
167,1493,LÍQUIDO,0:50:00,10.99
50,315,DELICADO,19:30:00,72.42
521,524,LÍQUIDO,13:30:00,97.95
196,9,LÍQUIDO,14:45:00,19.16
1471,10,PARTES,20:00:00,45.20
9,179,SÓLIDO,8:30:00,81.37
621,620,SÓLIDO,15:00:00,94.14
16,1447,LÍQUIDO,18:10:00,33.20
19,26,LÍQUIDO,19:30:00,98.75
46,557,INFLAMABLE,19:40:00,97.53
725,137,INFLAMABLE,23:15:00,19.73
276,3060,LÍQUIDO,23:15:00,76.25
46,1337,LÍQUIDO,23:30:00,7.38
651,10,LÍQUIDO,19:20:00,36.11
165,10,DELICADO,19:30:00,35.64
10,2962,LÍQUIDO,19:00:00,29.47
469,10,LÍQUIDO,22:55:00,38.44
4763,712,INFLAMABLE,22:40:00,25.26
38,564,LÍQUIDO,17:30:00,15.87
10,438,DELICADO,13:05:00,39.45
469,1745,LÍQUIDO,23:40:00,95.24
644,713,DELICADO,21:15:00,38.64
1447,246,LÍQUIDO,23:56:00,90.44
315,409,LÍQUIDO,13:00:00,25.08
7,19,DELICADO,19:30:00,28.25
9,276,SÓLIDO,17:30:00,28.54
302,50,DELICADO,0:30:00,45.07
10,4088,SÓLIDO,17:00:00,36.68
484,46,LÍQUIDO,4:10:00,81.39
437,583,LÍQUIDO,22:30:00,1.39
10,556,DELICADO,13:06:00,60.09
583,564,DELICADO,22:00:00,99.54
38,330,DELICADO,21:15:00,60.64
1071,1070,LÍQUIDO,17:30:00,90.45
9,255,SÓLIDO,12:30:00,43.59
249,1063,LÍQUIDO,14:25:00,63.29
16,10,DELICADO,18:15:00,23.91
593,369,LÍQUIDO,6:50:00,70.94
1060,9,LÍQUIDO,1:05:00,89.97
19,2167,INFLAMABLE,16:00:00,96.05
4763,369,INFLAMABLE,20:30:00,55.90
325,3030,LÍQUIDO,21:15:00,31.78
3062,461,LÍQUIDO,14:15:00,73.67
16,369,INFLAMABLE,17:30:00,7.25
276,2062,LÍQUIDO,8:00:00,10.10
19,300,SÓLIDO,20:20:00,65.12
201,9,INFLAMABLE,7:00:00,70.51
9,276,SÓLIDO,18:30:00,57.03
3287,141,INFLAMABLE,21:45:00,70.82
569,334,LÍQUIDO,18:55:00,60.00
9,137,LÍQUIDO,15:00:00,83.79
10,556,LÍQUIDO,18:20:00,11.48
479,26,LÍQUIDO,5:50:00,12.93
65,10,LÍQUIDO,13:00:00,89.44
3647,1070,SÓLIDO,21:00:00,41.04
1034,1350,INFLAMABLE,23:25:00,32.85
10,644,DELICADO,15:00:00,14.01
3230,9,LÍQUIDO,12:20:00,61.98
249,235,LÍQUIDO,10:30:00,18.74
583,582,SÓLIDO,12:45:00,51.80
1034,249,LÍQUIDO,22:45:00,4.44
106,365,INFLAMABLE,16:00:00,67.79
9,56,LÍQUIDO,9:15:00,46.74
7,613,LÍQUIDO,18:30:00,54.83
40,15,INFLAMABLE,20:20:00,24.61
2939,10,INFLAMABLE,17:00:00,87.48
65,10,LÍQUIDO,13:00:00,42.31
1703,9,SÓLIDO,20:43:00,33.99
482,19,SÓLIDO,19:25:00,95.12
9,179,SÓLIDO,5:30:00,46.95
3957,3500,INFLAMABLE,14:00:00,24.06
201,725,INFLAMABLE,23:30:00,88.57
19,300,SÓLIDO,19:30:00,95.95
437,46,LÍQUIDO,17:20:00,95.99
246,2062,LÍQUIDO,14:50:00,60.55
19,1337,INFLAMABLE,15:00:00,38.56
50,19,DELICADO,22:00:00,93.50
49,545,INFLAMABLE,16:50:00,59.92
582,583,LÍQUIDO,11:30:00,15.02
2062,232,LÍQUIDO,6:40:00,8.49
583,584,LÍQUIDO,1:15:00,50.78
10,334,PARTES,21:00:00,63.89
235,461,LÍQUIDO,8:00:00,58.42
334,315,LÍQUIDO,5:00:00,66.66
49,106,INFLAMABLE,19:10:00,5.02
301,19,SÓLIDO,8:00:00,57.58
10,401,LÍQUIDO,19:20:00,35.75
479,26,LÍQUIDO,16:35:00,59.77
2191,7,LÍQUIDO,0:50:00,99.85
10,330,DELICADO,20:00:00,74.40
10,1471,PARTES,20:05:00,87.82
580,521,INFLAMABLE,10:45:00,65.73
10,654,LÍQUIDO,22:00:00,14.36
54,2167,LÍQUIDO,20:10:00,43.75
38,334,LÍQUIDO,19:45:00,49.64
8721,922,LÍQUIDO,19:00:00,98.56
19,26,INFLAMABLE,10:30:00,40.31
19,507,DELICADO,13:00:00,37.56
556,2068,LÍQUIDO,19:30:00,69.78
249,806,LÍQUIDO,16:05:00,38.31
65,10,INFLAMABLE,13:00:00,20.42
10,924,LÍQUIDO,21:15:00,73.04
613,7,LÍQUIDO,19:15:00,20.63
10,556,DELICADO,15:00:00,26.51
10,3919,LÍQUIDO,16:00:00,75.72
922,19,LÍQUIDO,15:30:00,12.31
7,613,LÍQUIDO,7:15:00,98.82
469,442,INFLAMABLE,1:00:00,62.60
2939,10,LÍQUIDO,14:50:00,17.95
10,3910,LÍQUIDO,16:00:00,96.65
521,3647,LÍQUIDO,6:00:00,46.80
179,2062,LÍQUIDO,15:55:00,60.78
10,17,DELICADO,20:45:00,64.15
334,82,LÍQUIDO,11:30:00,28.28
369,10,INFLAMABLE,21:25:00,62.22
301,19,SÓLIDO,8:45:00,78.24
442,19,INFLAMABLE,19:30:00,45.08
438,7,DELICADO,15:30:00,65.57
232,3287,LÍQUIDO,8:30:00,99.83
9,962,LÍQUIDO,22:00:00,5.24
17,10,DELICADO,17:10:00,26.19
19,2085,LÍQUIDO,20:30:00,29.21
334,10,DELICADO,21:30:00,12.28
10,3316,LÍQUIDO,16:00:00,15.91
9,232,SÓLIDO,18:30:00,40.92
1063,921,INFLAMABLE,18:35:00,26.11
2854,58,SÓLIDO,12:45:00,20.74
9,1063,LÍQUIDO,13:00:00,14.23
582,437,DELICADO,9:20:00,69.36
556,916,INFLAMABLE,21:00:00,85.51
620,621,INFLAMABLE,4:10:00,54.25
49,240,LÍQUIDO,14:40:00,74.11
19,4411,LÍQUIDO,17:30:00,82.27
747,556,LÍQUIDO,6:10:00,67.52
9,1447,LÍQUIDO,23:00:00,47.08
10,2951,LÍQUIDO,19:00:00,64.61
3701,442,SÓLIDO,23:15:00,10.65
595,369,LÍQUIDO,5:00:00,48.09
50,249,LÍQUIDO,0:11:00,38.04
3642,9,INFLAMABLE,1:15:00,71.79
712,1034,LÍQUIDO,23:25:00,93.59
199,196,LÍQUIDO,15:25:00,6.38
350,10,DELICADO,19:25:00,72.22
17,369,INFLAMABLE,16:30:00,77.28
10,594,LÍQUIDO,20:15:00,3.82
924,19,LÍQUIDO,11:20:00,40.76
442,1351,INFLAMABLE,19:30:00,66.37
19,31,LÍQUIDO,23:00:00,30.24
724,10,LÍQUIDO,15:35:00,49.49
49,1463,INFLAMABLE,21:15:00,17.60
56,725,LÍQUIDO,11:45:00,62.00
49,9,LÍQUIDO,17:45:00,54.15
46,1337,LÍQUIDO,23:30:00,3.02
8721,26,LÍQUIDO,15:45:00,13.57
19,290,SÓLIDO,13:15:00,57.47
437,10,LÍQUIDO,19:15:00,62.88
369,4892,SÓLIDO,11:45:00,13.76
19,290,SÓLIDO,14:40:00,46.77
19,26,LÍQUIDO,16:15:00,79.12
479,26,LÍQUIDO,16:35:00,21.49
56,208,INFLAMABLE,15:15:00,19.51
276,2888,LÍQUIDO,22:00:00,4.10
1215,19,LÍQUIDO,3:15:00,25.08
19,290,SÓLIDO,18:05:00,76.26
19,26,SÓLIDO,16:30:00,84.10
163,199,LÍQUIDO,0:35:00,63.67
369,8420,LÍQUIDO,8:00:00,90.69
594,10,LÍQUIDO,21:20:00,95.86
19,4248,SÓLIDO,19:20:00,52.97
621,623,INFLAMABLE,20:00:00,79.29
334,569,LÍQUIDO,21:30:00,63.67
893,369,LÍQUIDO,16:40:00,11.02
773,10,LÍQUIDO,6:30:00,36.74
3060,255,LÍQUIDO,7:40:00,41.58
556,10,PARTES,7:45:00,59.40
3062,199,LÍQUIDO,23:56:00,13.39
506,26,SÓLIDO,12:00:00,4.19
315,73,LÍQUIDO,18:45:00,54.80
19,924,LÍQUIDO,7:46:00,51.77
350,15,INFLAMABLE,18:30:00,76.17
350,15,LÍQUIDO,18:30:00,90.03
1361,461,LÍQUIDO,1:15:00,72.31
226,7,LÍQUIDO,1:30:00,43.52
38,712,INFLAMABLE,22:45:00,88.69
3266,9,LÍQUIDO,8:36:00,0.64
579,580,SÓLIDO,13:10:00,14.34
1337,19,LÍQUIDO,18:00:00,11.40
26,8721,LÍQUIDO,8:00:00,55.23
19,922,LÍQUIDO,16:00:00,31.22
1447,525,INFLAMABLE,19:35:00,51.66
461,58,LÍQUIDO,13:40:00,56.34
50,19,DELICADO,22:00:00,94.15
49,369,LÍQUIDO,19:10:00,91.68
8721,1351,LÍQUIDO,10:00:00,76.14
1471,10,DELICADO,20:00:00,86.26
7,1463,LÍQUIDO,19:00:00,87.81
1337,19,INFLAMABLE,18:00:00,75.45
1075,276,LÍQUIDO,14:00:00,94.94
10,369,LÍQUIDO,20:00:00,60.25
3647,3664,LÍQUIDO,10:30:00,75.88
10,443,DELICADO,19:50:00,94.96
787,545,SÓLIDO,16:05:00,78.88
235,9,LÍQUIDO,10:30:00,26.83
10,2868,SÓLIDO,17:00:00,55.09
106,38,LÍQUIDO,16:00:00,51.24
19,1555,LÍQUIDO,6:10:00,67.63
246,58,LÍQUIDO,23:25:00,95.99
2060,232,LÍQUIDO,23:15:00,47.11
50,1250,LÍQUIDO,17:30:00,0.66
199,196,LÍQUIDO,16:10:00,84.33
1384,10,INFLAMABLE,20:15:00,95.14
521,4669,SÓLIDO,10:00:00,22.70
2939,10,INFLAMABLE,14:02:00,31.49
2060,199,LÍQUIDO,6:30:00,40.57
9,232,SÓLIDO,18:30:00,72.38
369,364,LÍQUIDO,12:40:00,25.22
49,545,INFLAMABLE,16:50:00,65.36
234,725,INFLAMABLE,0:40:00,18.91
19,8113,SÓLIDO,7:00:00,27.02
2167,10,INFLAMABLE,20:17:00,19.56
621,2728,LÍQUIDO,12:00:00,54.19
10,443,DELICADO,19:45:00,4.74
370,49,LÍQUIDO,19:15:00,66.92
2383,521,DELICADO,10:00:00,3.27
547,562,INFLAMABLE,5:25:00,51.90
10,3282,DELICADO,21:15:00,1.59
15,10,DELICADO,19:15:00,14.94
3062,246,LÍQUIDO,14:15:00,56.23
479,19,INFLAMABLE,14:00:00,2.00
582,583,DELICADO,9:20:00,5.25
521,556,PARTES,22:55:00,12.75
10,3908,LÍQUIDO,16:00:00,72.20
3060,255,INFLAMABLE,22:55:00,97.14
232,3287,LÍQUIDO,12:30:00,30.17
10,594,DELICADO,21:00:00,99.13
10,409,DELICADO,21:01:00,11.13
562,3140,SÓLIDO,12:30:00,34.77
755,556,LÍQUIDO,11:00:00,79.34
4165,10,INFLAMABLE,0:15:00,72.20
16,10,DELICADO,18:20:00,34.59
315,10,DELICADO,19:00:00,14.11
19,1554,SÓLIDO,8:30:00,23.39
10,594,LÍQUIDO,15:00:00,79.97
651,369,LÍQUIDO,9:10:00,38.35
409,19,PARTES,23:30:00,94.25
49,334,PARTES,21:31:00,8.14
10,594,LÍQUIDO,20:15:00,22.46
403,713,LÍQUIDO,21:30:00,76.04
9,232,SÓLIDO,8:30:00,60.24
725,10,LÍQUIDO,23:30:00,41.12
556,46,INFLAMABLE,19:30:00,89.51
49,924,DELICADO,20:20:00,75.41
3060,9,LÍQUIDO,23:00:00,24.99
556,10,LÍQUIDO,23:50:00,17.03
506,26,SÓLIDO,12:00:00,3.70
19,3275,LÍQUIDO,21:00:00,85.23
3287,276,LÍQUIDO,23:50:00,28.26
249,235,LÍQUIDO,10:30:00,29.75
315,50,DELICADO,20:00:00,85.00
3227,19,INFLAMABLE,0:45:00,54.54
1472,7,LÍQUIDO,17:10:00,80.73
583,438,LÍQUIDO,10:45:00,84.21
372,10,LÍQUIDO,16:20:00,5.01
8766,8609,LÍQUIDO,9:00:00,38.60
2728,3702,DELICADO,8:00:00,41.55
46,556,INFLAMABLE,19:00:00,65.21
369,1250,SÓLIDO,13:00:00,52.41
469,10,LÍQUIDO,23:40:00,46.06
46,65,LÍQUIDO,19:15:00,10.22
49,484,DELICADO,19:50:00,42.43
7,1488,LÍQUIDO,7:50:00,88.61
7,1472,LÍQUIDO,21:01:00,90.69
644,7,LÍQUIDO,3:20:00,60.37
315,1071,LÍQUIDO,2:00:00,90.79
350,10,DELICADO,19:25:00,32.64
1552,19,DELICADO,18:30:00,87.22
290,19,SÓLIDO,16:20:00,41.89
205,1471,LÍQUIDO,18:05:00,83.55
19,1552,LÍQUIDO,17:40:00,77.70
556,10,PARTES,7:45:00,36.21
249,73,LÍQUIDO,0:25:00,30.80
246,201,INFLAMABLE,15:20:00,72.10
18,10,LÍQUIDO,14:00:00,8.57
49,484,DELICADO,19:50:00,75.18
302,19,SÓLIDO,4:50:00,11.19
409,10,PARTES,18:15:00,0.60
167,437,INFLAMABLE,17:45:00,58.27
290,19,SÓLIDO,7:25:00,34.78
2481,315,LÍQUIDO,20:45:00,32.91
19,2092,LÍQUIDO,18:00:00,16.33
3062,276,LÍQUIDO,0:05:00,15.55
10,712,LÍQUIDO,23:50:00,27.56
19,32,LÍQUIDO,9:40:00,99.98
49,484,DELICADO,15:40:00,27.39
1073,9,INFLAMABLE,23:30:00,70.36
1449,369,DELICADO,20:35:00,14.39
556,484,LÍQUIDO,21:00:00,9.89
10,1807,LÍQUIDO,21:15:00,28.19
369,3800,LÍQUIDO,13:00:00,63.53
10,372,DELICADO,20:05:00,39.03
922,19,LÍQUIDO,7:30:00,82.04
9,258,LÍQUIDO,15:00:00,60.07
10,369,DELICADO,20:00:00,89.17
1350,7,INFLAMABLE,1:25:00,94.57
3916,10,INFLAMABLE,16:25:00,84.66
26,19,LÍQUIDO,11:00:00,99.69
1396,10,LÍQUIDO,22:20:00,83.39
301,19,SÓLIDO,11:15:00,87.63
556,7,INFLAMABLE,21:59:00,93.80
10,369,LÍQUIDO,15:00:00,70.73
3266,9,LÍQUIDO,8:36:00,21.25
137,246,LÍQUIDO,13:20:00,95.40
9,3060,LÍQUIDO,9:40:00,95.77
1447,246,LÍQUIDO,23:56:00,56.17
49,712,LÍQUIDO,15:15:00,35.69
10,300,DELICADO,21:15:00,69.12
330,334,LÍQUIDO,19:30:00,74.44
315,26,LÍQUIDO,18:00:00,47.57
556,325,LÍQUIDO,19:30:00,66.37
3642,2171,LÍQUIDO,20:05:00,23.14
1463,2939,DELICADO,0:30:00,9.05
2728,3702,LÍQUIDO,8:00:00,5.61
49,725,LÍQUIDO,23:00:00,44.49
787,10,LÍQUIDO,12:00:00,63.03
527,9,LÍQUIDO,15:10:00,44.57
8721,924,LÍQUIDO,9:30:00,21.58
724,10,LÍQUIDO,15:35:00,20.31
424,10,PARTES,18:30:00,48.77
3266,725,LÍQUIDO,8:36:00,86.82
46,556,LÍQUIDO,19:15:00,63.78
507,46,INFLAMABLE,15:30:00,44.19
255,4652,LÍQUIDO,15:10:00,58.83
19,26,SÓLIDO,6:30:00,17.58
10,1469,DELICADO,19:45:00,64.34
2470,315,DELICADO,20:30:00,19.04
199,3062,LÍQUIDO,10:15:00,20.26
2675,8721,LÍQUIDO,16:35:00,21.11
713,403,DELICADO,21:30:00,52.27
461,1075,LÍQUIDO,15:20:00,52.38
334,604,LÍQUIDO,20:00:00,95.83
10,2939,LÍQUIDO,19:00:00,62.74
10,600,LÍQUIDO,10:00:00,66.87
579,521,LÍQUIDO,13:10:00,49.62
315,334,LÍQUIDO,18:00:00,74.66
1629,10,INFLAMABLE,23:15:00,62.77
137,461,INFLAMABLE,13:20:00,91.71
584,436,LÍQUIDO,15:20:00,6.47
713,10,PARTES,20:10:00,95.23
18,4763,LÍQUIDO,14:00:00,64.35
369,651,LÍQUIDO,16:30:00,34.12
49,245,LÍQUIDO,10:40:00,78.32
17,10,PARTES,17:00:00,41.01
1070,315,SÓLIDO,0:00:00,2.85
379,9,INFLAMABLE,1:15:00,37.55
10,1471,PARTES,19:00:00,27.01
409,10,DELICADO,18:05:00,87.90
31,10,DELICADO,20:25:00,45.88
26,922,SÓLIDO,7:01:00,55.02
545,49,LÍQUIDO,4:00:00,71.17
49,424,DELICADO,21:30:00,50.12
556,2191,LÍQUIDO,19:30:00,88.13
1447,712,INFLAMABLE,23:50:00,30.56
7,585,DELICADO,14:30:00,95.69
1471,73,LÍQUIDO,22:25:00,66.41
46,583,LÍQUIDO,10:15:00,53.42
19,387,SÓLIDO,17:35:00,32.76
49,712,INFLAMABLE,23:00:00,7.52
163,199,LÍQUIDO,8:10:00,92.18
2728,3702,LÍQUIDO,18:00:00,77.21
50,334,PARTES,21:45:00,59.33
3062,9,LÍQUIDO,0:20:00,60.75
315,1211,INFLAMABLE,13:00:00,14.71
10,1384,LÍQUIDO,19:00:00,17.49
579,521,INFLAMABLE,23:59:00,85.10
2940,10,INFLAMABLE,18:30:00,11.86
276,2062,LÍQUIDO,8:00:00,88.27
46,556,LÍQUIDO,19:40:00,69.08
593,49,PARTES,22:50:00,57.06
525,40,LÍQUIDO,19:30:00,7.85
10,2939,DELICADO,19:40:00,94.19
49,9,LÍQUIDO,0:24:00,37.34
713,10,PARTES,19:30:00,49.48
372,10,DELICADO,17:30:00,54.41
26,19,LÍQUIDO,15:15:00,66.69
17,10,DELICADO,17:10:00,60.48
19,4720,SÓLIDO,19:00:00,79.96
10,3908,LÍQUIDO,18:00:00,59.17
10,65,LÍQUIDO,16:00:00,89.43
328,19,SÓLIDO,17:45:00,56.94
19,409,PARTES,23:15:00,52.68
617,438,DELICADO,20:25:00,95.76
1471,507,INFLAMABLE,21:30:00,60.32
442,19,PARTES,19:30:00,13.99
9,49,LÍQUIDO,13:00:00,39.34
3217,10,DELICADO,21:00:00,88.70
10,649,LÍQUIDO,20:10:00,42.21
461,3060,LÍQUIDO,23:25:00,26.74
15,1447,LÍQUIDO,19:25:00,29.79
3062,246,LÍQUIDO,14:15:00,75.98
19,290,SÓLIDO,22:30:00,65.77
3425,3967,INFLAMABLE,9:20:00,43.28
484,10,DELICADO,9:00:00,84.92
15,350,LÍQUIDO,18:30:00,66.60
19,922,LÍQUIDO,13:00:00,27.47
3185,583,DELICADO,2:45:00,70.38
469,46,LÍQUIDO,23:00:00,2.28
3642,461,LÍQUIDO,11:35:00,73.69
436,9,LÍQUIDO,21:10:00,30.54
19,301,SÓLIDO,11:00:00,47.32
10,543,DELICADO,22:30:00,61.38
3062,712,INFLAMABLE,10:30:00,70.44
10,469,LÍQUIDO,18:00:00,49.37
9,115,LÍQUIDO,13:00:00,0.46
369,49,DELICADO,20:20:00,49.97
19,924,LÍQUIDO,18:00:00,85.31
19,290,SÓLIDO,18:05:00,59.13
10,556,DELICADO,13:06:00,50.03
654,10,LÍQUIDO,0:55:00,85.56
232,9,SÓLIDO,14:55:00,26.40
10,516,DELICADO,22:30:00,61.41
49,461,LÍQUIDO,10:20:00,52.58
583,438,DELICADO,1:15:00,36.51
232,9,SÓLIDO,14:55:00,0.02
276,3287,LÍQUIDO,14:55:00,54.07
46,484,LÍQUIDO,19:40:00,27.16
1449,315,PARTES,20:20:00,16.58
10,334,DELICADO,21:00:00,68.10
524,521,SÓLIDO,16:55:00,38.72
234,9,INFLAMABLE,8:10:00,31.70
621,2728,LÍQUIDO,20:30:00,73.33
10,350,LÍQUIDO,20:00:00,70.77
2940,10,DELICADO,16:45:00,32.99
725,1034,LÍQUIDO,8:40:00,26.95
1471,2167,SÓLIDO,20:30:00,16.00
10,747,PARTES,20:01:00,26.07
580,562,SÓLIDO,8:50:00,56.31
10,65,SÓLIDO,19:40:00,89.96
255,3062,LÍQUIDO,15:35:00,31.76
75,10,LÍQUIDO,6:30:00,6.72
1471,595,LÍQUIDO,14:45:00,87.65
521,560,SÓLIDO,14:00:00,16.20
19,2675,LÍQUIDO,5:20:00,20.51
7,1472,LÍQUIDO,21:01:00,85.79
10,438,DELICADO,16:30:00,51.70
556,3686,LÍQUIDO,18:30:00,80.25
556,75,LÍQUIDO,19:30:00,37.96
562,10,INFLAMABLE,15:30:00,37.49
19,1337,LÍQUIDO,17:45:00,75.98
461,49,LÍQUIDO,23:40:00,8.53
3702,2728,SÓLIDO,18:00:00,74.18
579,2383,SÓLIDO,10:30:00,77.06
19,290,SÓLIDO,17:35:00,75.39
2728,621,INFLAMABLE,3:00:00,54.46
1471,2167,SÓLIDO,10:00:00,10.66
461,9,SÓLIDO,13:20:00,24.72
773,10,DELICADO,20:45:00,63.21
10,466,LÍQUIDO,19:45:00,56.24
232,235,LÍQUIDO,8:30:00,92.75
187,369,INFLAMABLE,20:10:00,82.68
308,232,LÍQUIDO,23:05:00,57.82
1463,369,LÍQUIDO,1:30:00,0.69
10,9,LÍQUIDO,23:50:00,26.24
506,19,LÍQUIDO,19:40:00,21.09
7,644,LÍQUIDO,7:15:00,52.96
26,19,LÍQUIDO,13:00:00,12.61
10,9,LÍQUIDO,8:00:00,57.04
196,9,INFLAMABLE,7:15:00,79.37
19,290,SÓLIDO,18:00:00,46.15
567,46,LÍQUIDO,3:45:00,38.55
933,10,INFLAMABLE,22:40:00,21.08
10,334,PARTES,21:01:00,2.52
9,232,LÍQUIDO,20:30:00,74.42
1552,19,LÍQUIDO,23:10:00,96.23
302,19,SÓLIDO,19:20:00,57.90
10,2951,LÍQUIDO,19:00:00,48.68
582,10,PARTES,13:30:00,89.64
107,1463,LÍQUIDO,23:00:00,16.60
49,246,LÍQUIDO,10:20:00,65.90
482,26,LÍQUIDO,4:00:00,23.64
1471,10,PARTES,20:00:00,16.68
9,2067,LÍQUIDO,9:40:00,13.89
2383,562,SÓLIDO,7:45:00,39.84
73,922,LÍQUIDO,22:25:00,20.95
562,2383,SÓLIDO,11:30:00,76.83
484,557,LÍQUIDO,23:30:00,81.20
369,594,LÍQUIDO,13:30:00,71.79
3702,2728,LÍQUIDO,18:00:00,72.07
19,290,SÓLIDO,16:30:00,26.03
2444,290,LÍQUIDO,21:40:00,23.83
527,246,INFLAMABLE,14:20:00,15.72
372,4763,INFLAMABLE,17:30:00,40.01
2888,725,INFLAMABLE,22:10:00,53.27
8721,26,SÓLIDO,19:35:00,10.79
73,9,LÍQUIDO,21:30:00,12.81
10,583,DELICADO,13:05:00,21.94
10,3030,DELICADO,15:00:00,7.45
10,290,DELICADO,21:00:00,45.95
562,49,LÍQUIDO,17:15:00,49.65
205,315,DELICADO,22:10:00,61.79
369,1592,LÍQUIDO,17:00:00,73.28
334,46,DELICADO,23:20:00,34.85
556,2068,INFLAMABLE,19:30:00,74.80
1493,7,LÍQUIDO,1:10:00,11.88
10,438,DELICADO,20:00:00,96.19
1551,26,SÓLIDO,13:20:00,50.45
2940,10,DELICADO,15:00:00,30.44
933,934,LÍQUIDO,21:15:00,24.40
4763,2360,INFLAMABLE,20:15:00,64.13
437,582,DELICADO,11:30:00,81.58
276,2060,LÍQUIDO,14:55:00,65.32
1471,10,INFLAMABLE,19:35:00,98.04
54,2167,LÍQUIDO,20:10:00,90.51
10,334,PARTES,21:00:00,81.88
1350,56,LÍQUIDO,8:25:00,82.91
232,1361,LÍQUIDO,23:55:00,52.87
19,2745,SÓLIDO,13:20:00,6.27
9,583,LÍQUIDO,20:45:00,23.48
9,2067,LÍQUIDO,22:00:00,44.29
1471,10,LÍQUIDO,17:00:00,57.44
10,437,DELICADO,20:00:00,61.58
3164,255,LÍQUIDO,23:30:00,99.83
9,276,LÍQUIDO,15:30:00,89.14
557,19,INFLAMABLE,19:00:00,86.18
2381,522,LÍQUIDO,0:30:00,58.17
10,9,LÍQUIDO,19:05:00,15.04
525,10,INFLAMABLE,20:00:00,60.30
3006,524,LÍQUIDO,23:00:00,42.02
334,10,PARTES,22:15:00,81.50
31,10,DELICADO,20:20:00,43.33
19,3056,LÍQUIDO,16:30:00,17.21
556,325,LÍQUIDO,19:30:00,39.76
8721,922,LÍQUIDO,15:30:00,79.08
290,26,SÓLIDO,19:00:00,41.56
9,10,LÍQUIDO,1:30:00,2.20
712,10,LÍQUIDO,16:50:00,8.89
1432,556,LÍQUIDO,2:20:00,35.56
484,10,DELICADO,17:10:00,50.15
49,712,LÍQUIDO,15:15:00,79.37
10,712,LÍQUIDO,16:00:00,41.03
652,363,LÍQUIDO,20:35:00,28.50
3647,3664,LÍQUIDO,10:30:00,23.30
51,9,LÍQUIDO,23:40:00,0.82
10,633,LÍQUIDO,20:00:00,77.03
583,10,LÍQUIDO,13:00:00,9.66
232,3062,LÍQUIDO,15:35:00,88.11
10,365,LÍQUIDO,18:20:00,67.20
308,1471,LÍQUIDO,18:40:00,1.13
10,1469,PARTES,20:03:00,45.60
9,3287,LÍQUIDO,13:00:00,44.14
165,49,DELICADO,19:30:00,40.51
660,205,LÍQUIDO,21:30:00,85.95
49,1755,DELICADO,21:30:00,69.01
932,556,LÍQUIDO,12:00:00,79.61
290,19,SÓLIDO,20:05:00,35.81
1551,26,SÓLIDO,13:20:00,10.59
10,3030,LÍQUIDO,18:20:00,37.35
7,613,LÍQUIDO,14:30:00,98.82
9,56,LÍQUIDO,22:00:00,65.42
1629,4763,INFLAMABLE,23:00:00,56.63
8721,26,LÍQUIDO,15:45:00,68.99
1070,315,SÓLIDO,13:00:00,26.33
2888,725,INFLAMABLE,22:10:00,34.53
290,19,SÓLIDO,20:30:00,71.88
369,3800,LÍQUIDO,19:30:00,28.71
10,330,DELICADO,20:00:00,77.92
290,19,SÓLIDO,13:15:00,90.06
10,437,DELICADO,13:05:00,80.14
580,521,LÍQUIDO,13:55:00,64.28
315,10,DELICADO,20:00:00,65.59
1034,276,LÍQUIDO,9:25:00,6.15
10,17,DELICADO,20:50:00,6.74
19,300,SÓLIDO,16:00:00,53.46
7,713,DELICADO,14:30:00,34.74
232,235,SÓLIDO,22:30:00,49.10
235,232,LÍQUIDO,0:21:00,84.36
3967,2728,SÓLIDO,23:25:00,7.30
3965,619,INFLAMABLE,21:15:00,15.01
10,334,PARTES,19:50:00,2.13
10,364,LÍQUIDO,20:00:00,1.13
255,40,LÍQUIDO,15:35:00,89.17
19,797,SÓLIDO,4:30:00,3.27
2167,19,INFLAMABLE,23:10:00,46.09
249,3062,LÍQUIDO,16:05:00,54.20
19,301,SÓLIDO,14:15:00,51.85
10,700,DELICADO,21:50:00,87.24
556,46,INFLAMABLE,19:30:00,86.05
1432,46,INFLAMABLE,23:59:00,75.74
3229,232,LÍQUIDO,0:15:00,64.86
9,234,LÍQUIDO,15:00:00,61.19
65,18,DELICADO,0:30:00,85.85
524,3006,LÍQUIDO,16:30:00,5.59
442,469,PARTES,19:30:00,3.14
19,290,SÓLIDO,18:05:00,81.22
1466,10,PARTES,21:35:00,22.43
7,1493,LÍQUIDO,22:30:00,94.94
38,409,PARTES,22:00:00,94.79
49,330,DELICADO,21:00:00,57.37
3090,19,SÓLIDO,13:00:00,0.39
3967,621,INFLAMABLE,18:50:00,38.87
506,290,SÓLIDO,16:40:00,80.02
49,334,DELICADO,21:30:00,81.71
17,15,LÍQUIDO,16:50:00,73.32
437,438,DELICADO,22:30:00,52.06
10,2167,LÍQUIDO,19:05:00,17.00
482,2762,INFLAMABLE,1:30:00,47.63
7,1463,LÍQUIDO,19:00:00,2.94
10,562,LÍQUIDO,12:30:00,21.64
3229,461,LÍQUIDO,23:40:00,80.64
10,594,LÍQUIDO,20:10:00,23.78
725,197,INFLAMABLE,7:45:00,49.85
461,49,LÍQUIDO,23:40:00,93.83
2962,10,INFLAMABLE,21:20:00,40.04
26,10,LÍQUIDO,1:30:00,8.29
17,115,LÍQUIDO,16:50:00,30.12
19,357,LÍQUIDO,19:00:00,76.86
50,276,LÍQUIDO,0:11:00,67.37
19,2745,SÓLIDO,16:00:00,3.74
19,26,LÍQUIDO,23:15:00,91.11
10,302,DELICADO,20:45:00,72.01
10,438,DELICADO,16:30:00,26.36
49,330,DELICADO,21:00:00,21.24
10,1614,LÍQUIDO,21:15:00,56.74
19,2839,LÍQUIDO,17:45:00,76.16
1034,276,LÍQUIDO,9:25:00,12.17
621,2728,INFLAMABLE,20:30:00,43.39
9,202,LÍQUIDO,23:00:00,67.40
49,9,LÍQUIDO,10:44:00,34.98
369,651,LÍQUIDO,22:00:00,66.08
19,290,SÓLIDO,17:00:00,50.11
276,3287,LÍQUIDO,23:15:00,93.21
10,1476,LÍQUIDO,19:20:00,64.13
1471,10,LÍQUIDO,23:15:00,68.21
461,163,LÍQUIDO,15:20:00,38.90
3647,521,DELICADO,5:30:00,30.40
26,19,LÍQUIDO,17:30:00,97.16
3275,350,INFLAMABLE,14:59:00,19.35
10,2949,PARTES,18:58:00,51.27
3047,10,INFLAMABLE,23:20:00,0.23
49,644,DELICADO,17:30:00,63.75
10,3304,LÍQUIDO,10:00:00,59.01
564,547,INFLAMABLE,11:00:00,51.37
7,1675,LÍQUIDO,21:01:00,57.36
276,9,LÍQUIDO,12:05:00,49.33
19,32,LÍQUIDO,18:30:00,31.12
3647,521,DELICADO,5:30:00,89.08
226,521,PARTES,18:15:00,80.47
932,556,LÍQUIDO,17:15:00,38.40
7,290,DELICADO,19:30:00,0.86
556,10,DELICADO,1:45:00,20.27
1466,10,LÍQUIDO,21:02:00,61.51
19,300,SÓLIDO,13:15:00,97.47
593,10,LÍQUIDO,23:35:00,46.63
49,9,LÍQUIDO,15:15:00,49.45
932,556,LÍQUIDO,17:15:00,32.18
3230,9,LÍQUIDO,12:20:00,10.91
246,805,LÍQUIDO,23:15:00,99.79
2067,276,LÍQUIDO,8:35:00,6.84
10,593,DELICADO,20:00:00,66.21
290,506,SÓLIDO,11:30:00,43.30
10,2172,LÍQUIDO,18:30:00,81.22
3702,2728,SÓLIDO,8:00:00,70.74
106,38,LÍQUIDO,16:00:00,74.29
545,10,INFLAMABLE,4:00:00,64.95
582,583,DELICADO,9:20:00,88.84
3237,3647,LÍQUIDO,21:30:00,98.67
1337,4136,INFLAMABLE,16:00:00,64.79
621,2728,INFLAMABLE,20:30:00,44.19
1075,276,LÍQUIDO,6:50:00,22.90
232,379,LÍQUIDO,22:30:00,36.38
2062,725,INFLAMABLE,22:30:00,77.92
10,65,LÍQUIDO,13:30:00,79.21
4763,3910,LÍQUIDO,16:30:00,96.91
58,2361,SÓLIDO,18:30:00,32.46
19,302,SÓLIDO,21:15:00,13.61
3021,46,LÍQUIDO,17:50:00,15.40
713,9,INFLAMABLE,23:05:00,71.42
315,46,DELICADO,20:00:00,98.08
315,38,DELICADO,18:00:00,64.00
49,461,LÍQUIDO,0:24:00,69.70
583,10,DELICADO,10:30:00,64.96
7,1432,LÍQUIDO,22:30:00,16.37
9,461,SÓLIDO,18:30:00,30.46
365,106,INFLAMABLE,7:05:00,62.61
507,75,INFLAMABLE,15:30:00,41.95
525,40,LÍQUIDO,19:30:00,23.99
621,3500,LÍQUIDO,20:20:00,51.77
469,334,LÍQUIDO,6:00:00,40.69
437,9,LÍQUIDO,17:05:00,50.80
424,10,PARTES,18:30:00,58.67
556,585,DELICADO,23:40:00,95.56
10,338,DELICADO,21:50:00,57.51
235,191,LÍQUIDO,14:40:00,87.36
49,712,LÍQUIDO,23:05:00,90.78
3975,3957,SÓLIDO,18:25:00,67.90
556,547,INFLAMABLE,21:45:00,69.49
547,10,LÍQUIDO,0:15:00,88.29
10,484,LÍQUIDO,4:00:00,34.38
556,484,LÍQUIDO,21:00:00,77.58
697,556,LÍQUIDO,18:50:00,94.47
10,583,DELICADO,13:05:00,17.19
10,31,PARTES,22:30:00,63.95
19,290,SÓLIDO,21:30:00,51.10
17,10,DELICADO,17:15:00,75.63
484,338,DELICADO,1:55:00,92.09
3874,10,DELICADO,8:10:00,46.44
556,290,LÍQUIDO,20:00:00,31.70
4723,290,SÓLIDO,15:15:00,91.01
9,255,SÓLIDO,7:00:00,17.18
2948,10,LÍQUIDO,18:31:00,35.34
334,469,LÍQUIDO,17:00:00,11.85
19,2939,DELICADO,12:15:00,49.73
3229,9,LÍQUIDO,0:30:00,23.99
583,438,DELICADO,1:15:00,63.17
442,1071,DELICADO,5:20:00,42.19
19,387,SÓLIDO,17:35:00,20.19
617,7,LÍQUIDO,12:15:00,97.56
2103,19,SÓLIDO,3:45:00,12.13
10,469,PARTES,19:45:00,32.07
755,556,LÍQUIDO,20:00:00,42.48
301,19,SÓLIDO,11:15:00,61.67
46,484,LÍQUIDO,19:00:00,38.55
14,19,LÍQUIDO,4:20:00,6.71
10,1519,LÍQUIDO,19:45:00,87.58
2470,334,DELICADO,20:30:00,23.89
9,583,LÍQUIDO,20:45:00,76.35
9,3062,LÍQUIDO,14:30:00,14.58
3229,255,LÍQUIDO,0:05:00,39.19
594,10,DELICADO,21:20:00,36.12
290,19,SÓLIDO,8:00:00,47.00
10,409,PARTES,21:00:00,84.52
19,290,SÓLIDO,7:00:00,90.86
1471,3105,LÍQUIDO,16:00:00,8.79
562,547,LÍQUIDO,17:00:00,59.10
595,10,PARTES,20:40:00,16.95
621,3500,INFLAMABLE,12:00:00,70.12
1447,232,LÍQUIDO,7:30:00,28.61
46,557,LÍQUIDO,19:40:00,89.37
10,562,PARTES,12:30:00,55.95
1091,1063,INFLAMABLE,15:30:00,24.86
438,556,DELICADO,17:35:00,68.11
19,7,DELICADO,21:30:00,98.67
19,10,DELICADO,22:01:00,29.64
4763,1629,INFLAMABLE,21:00:00,32.20
19,4723,SÓLIDO,7:00:00,43.23
7,1675,LÍQUIDO,14:00:00,51.65
442,334,PARTES,19:30:00,65.40
10,3316,LÍQUIDO,16:00:00,19.98
713,10,DELICADO,1:40:00,70.11
19,2584,SÓLIDO,18:00:00,76.56
620,582,INFLAMABLE,23:20:00,83.13
1361,232,LÍQUIDO,1:25:00,22.36
315,49,DELICADO,20:00:00,96.05
46,75,LÍQUIDO,19:00:00,23.16
3062,232,LÍQUIDO,14:15:00,45.08
545,787,SÓLIDO,15:15:00,26.82
1466,10,INFLAMABLE,23:33:00,31.15
527,9,LÍQUIDO,0:10:00,50.72
712,3287,INFLAMABLE,10:30:00,93.89
315,1070,SÓLIDO,13:00:00,7.96
564,10,INFLAMABLE,11:00:00,86.93
1466,10,PARTES,22:15:00,5.79
4763,9,LÍQUIDO,8:25:00,41.81
1351,10,INFLAMABLE,20:25:00,84.99
2103,19,SÓLIDO,20:15:00,36.29
2962,10,DELICADO,17:10:00,29.92
521,562,INFLAMABLE,5:00:00,83.75
725,201,LÍQUIDO,23:15:00,84.68
10,315,PARTES,19:45:00,44.90
10,1471,LÍQUIDO,22:00:00,70.93
584,436,LÍQUIDO,15:20:00,94.03
545,7,INFLAMABLE,22:05:00,38.92
924,26,SÓLIDO,20:15:00,88.56
8609,8766,LÍQUIDO,8:30:00,58.70
40,725,LÍQUIDO,22:30:00,32.77
38,334,DELICADO,21:16:00,97.24
2062,232,LÍQUIDO,13:25:00,63.28
589,713,LÍQUIDO,2:50:00,45.79
8721,26,LÍQUIDO,7:15:00,31.54
350,171,LÍQUIDO,18:55:00,88.56
10,1471,LÍQUIDO,22:00:00,15.11
3275,350,INFLAMABLE,14:59:00,6.73
9,3642,LÍQUIDO,9:40:00,49.98
232,50,LÍQUIDO,15:35:00,23.35
205,660,LÍQUIDO,19:15:00,65.43
19,4720,SÓLIDO,20:55:00,35.71
2939,19,DELICADO,12:15:00,94.91
10,587,DELICADO,16:30:00,87.99
369,106,LÍQUIDO,17:30:00,84.04
3874,10,DELICADO,8:10:00,81.92
19,31,LÍQUIDO,19:30:00,72.12
165,10,DELICADO,19:30:00,46.30
2947,2167,LÍQUIDO,17:50:00,67.14
26,19,LÍQUIDO,16:00:00,14.06
3287,9,INFLAMABLE,23:45:00,97.04
582,10,DELICADO,9:20:00,29.61
2062,191,LÍQUIDO,13:35:00,10.21
1058,17,INFLAMABLE,20:00:00,11.31
9,232,LÍQUIDO,10:30:00,24.91
10,3275,LÍQUIDO,19:30:00,66.62
1447,725,INFLAMABLE,23:50:00,26.83
334,1449,LÍQUIDO,22:20:00,36.45
569,334,LÍQUIDO,3:35:00,74.15
308,2949,LÍQUIDO,18:40:00,76.97
76,924,DELICADO,2:10:00,53.71
2060,9,INFLAMABLE,23:10:00,59.02
10,430,DELICADO,16:30:00,6.67
612,7,LÍQUIDO,11:15:00,28.05
276,9,SÓLIDO,15:35:00,99.35
3874,10,DELICADO,8:10:00,60.89
4093,3275,INFLAMABLE,17:45:00,98.30
276,9,LÍQUIDO,7:45:00,34.12
19,290,SÓLIDO,17:35:00,39.34
922,26,SÓLIDO,20:35:00,75.21
3287,276,LÍQUIDO,13:55:00,79.14
19,2085,LÍQUIDO,20:30:00,58.39
17,90,LÍQUIDO,16:30:00,34.59
308,276,LÍQUIDO,23:05:00,80.37
19,302,SÓLIDO,12:30:00,48.84
556,437,DELICADO,23:40:00,64.29
556,46,DELICADO,21:00:00,50.80
1337,19,LÍQUIDO,18:00:00,95.34
10,712,LÍQUIDO,23:50:00,75.14
75,469,LÍQUIDO,23:10:00,50.51
621,3500,SÓLIDO,10:00:00,86.83
1552,19,LÍQUIDO,7:20:00,99.85
9,73,LÍQUIDO,13:00:00,65.04
556,3217,LÍQUIDO,20:00:00,95.77
556,521,INFLAMABLE,23:00:00,77.96
2470,315,DELICADO,20:30:00,33.83
9,115,LÍQUIDO,23:00:00,57.94
1246,10,LÍQUIDO,17:00:00,33.96
3910,10,LÍQUIDO,18:05:00,25.80
106,17,LÍQUIDO,21:00:00,13.84
19,50,DELICADO,21:30:00,27.10
379,9,LÍQUIDO,1:15:00,78.12
19,1552,LÍQUIDO,9:25:00,20.76
469,10,LÍQUIDO,23:40:00,41.22
8721,26,LÍQUIDO,5:30:00,92.03
234,9,LÍQUIDO,0:40:00,12.54
521,2349,DELICADO,9:00:00,65.58
437,10,DELICADO,18:35:00,66.68
276,115,LÍQUIDO,22:00:00,37.89
1471,3642,INFLAMABLE,16:00:00,76.22
315,469,LÍQUIDO,18:45:00,78.31
50,334,PARTES,21:45:00,19.01
10,3027,LÍQUIDO,22:00:00,10.12
1060,712,INFLAMABLE,1:05:00,68.20
50,469,DELICADO,21:30:00,52.28
2383,579,SÓLIDO,13:00:00,1.78
2939,1604,LÍQUIDO,17:45:00,2.63
255,4652,LÍQUIDO,15:10:00,15.37
2854,10,LÍQUIDO,10:15:00,76.67
469,26,LÍQUIDO,23:40:00,11.33
583,564,DELICADO,22:00:00,86.05
10,583,DELICADO,13:05:00,56.80
579,2383,SÓLIDO,10:30:00,76.53
1471,2939,LÍQUIDO,14:30:00,31.69
19,301,SÓLIDO,11:30:00,28.79
76,556,LÍQUIDO,22:20:00,15.23
15,350,LÍQUIDO,18:30:00,13.78
409,38,PARTES,18:00:00,17.57
507,1471,DELICADO,18:50:00,48.48
3204,583,SÓLIDO,19:00:00,45.86
10,3910,LÍQUIDO,16:00:00,1.75
369,3086,LÍQUIDO,13:00:00,85.57
617,438,DELICADO,20:25:00,93.45
10,1471,LÍQUIDO,19:05:00,75.38
334,2552,LÍQUIDO,16:00:00,25.15
484,46,LÍQUIDO,4:25:00,95.05
19,301,SÓLIDO,10:15:00,95.09
26,19,LÍQUIDO,18:40:00,70.02
9,527,LÍQUIDO,15:00:00,24.35
1063,255,LÍQUIDO,10:30:00,15.66
4763,276,LÍQUIDO,22:45:00,50.49
725,10,LÍQUIDO,15:15:00,0.57
8721,922,LÍQUIDO,8:15:00,98.73
232,9,SÓLIDO,19:55:00,45.98
334,74,LÍQUIDO,22:20:00,91.94
1745,46,LÍQUIDO,23:45:00,4.23
234,725,LÍQUIDO,15:45:00,6.71
246,3287,LÍQUIDO,14:50:00,69.48
3647,3701,SÓLIDO,10:00:00,74.70
556,437,DELICADO,23:40:00,78.45
1466,10,INFLAMABLE,21:15:00,92.56
19,290,SÓLIDO,19:20:00,7.80
308,1471,LÍQUIDO,18:50:00,67.99
4019,10,INFLAMABLE,13:30:00,80.48
712,49,LÍQUIDO,13:25:00,49.07
442,10,DELICADO,18:30:00,59.30
49,369,LÍQUIDO,19:10:00,65.24
4763,350,DELICADO,20:30:00,47.64
38,564,LÍQUIDO,17:30:00,33.67
1614,10,LÍQUIDO,1:30:00,90.96
19,4411,LÍQUIDO,17:30:00,39.29
19,290,SÓLIDO,22:50:00,98.02
9,139,LÍQUIDO,0:30:00,91.31
19,301,SÓLIDO,11:30:00,85.63
556,521,INFLAMABLE,21:45:00,55.64
10,3027,LÍQUIDO,22:00:00,19.14
19,32,LÍQUIDO,7:40:00,1.70
700,19,SÓLIDO,16:25:00,33.46
1586,10,LÍQUIDO,20:50:00,22.83
46,469,LÍQUIDO,22:30:00,2.83
10,438,DELICADO,20:00:00,60.63
10,469,PARTES,19:45:00,96.22
46,583,LÍQUIDO,10:15:00,2.58
315,49,LÍQUIDO,20:10:00,38.86
113,9,LÍQUIDO,10:45:00,25.87
106,369,LÍQUIDO,16:15:00,66.12
1337,46,INFLAMABLE,18:30:00,24.61
409,38,PARTES,18:00:00,36.53
621,3965,INFLAMABLE,20:00:00,6.13
1432,932,LÍQUIDO,2:20:00,87.42
199,163,LÍQUIDO,10:15:00,50.79
4720,19,SÓLIDO,3:15:00,4.26
65,10,LÍQUIDO,13:30:00,48.76
556,645,LÍQUIDO,21:45:00,7.78
438,10,DELICADO,11:00:00,11.89
244,10,LÍQUIDO,20:25:00,80.12
334,469,LÍQUIDO,15:00:00,86.36
556,583,DELICADO,23:45:00,79.34
524,579,LÍQUIDO,10:50:00,96.26
49,9,LÍQUIDO,23:00:00,72.88
409,5039,LÍQUIDO,8:00:00,35.33
49,484,DELICADO,15:40:00,34.64
1471,19,INFLAMABLE,21:30:00,4.27
527,9,LÍQUIDO,0:10:00,43.07
19,479,LÍQUIDO,16:00:00,0.78
9,935,LÍQUIDO,23:00:00,21.54
10,19,PARTES,22:30:00,95.13
19,3794,SÓLIDO,19:20:00,25.74
469,26,LÍQUIDO,23:00:00,30.84
2103,19,SÓLIDO,3:50:00,92.76
308,2949,LÍQUIDO,18:40:00,43.30
787,545,SÓLIDO,16:05:00,73.06
7,437,DELICADO,17:00:00,81.25
10,436,DELICADO,16:30:00,10.93
3686,556,LÍQUIDO,7:35:00,90.36
19,300,SÓLIDO,21:00:00,73.50
9,276,SÓLIDO,22:00:00,96.11
8721,26,SÓLIDO,19:30:00,47.93
521,524,LÍQUIDO,13:30:00,25.64
3229,712,INFLAMABLE,10:40:00,86.68
276,9,SÓLIDO,6:10:00,84.43
369,651,LÍQUIDO,22:00:00,28.43
201,249,LÍQUIDO,23:30:00,53.59
315,442,DELICADO,2:00:00,18.15
582,10,DELICADO,9:25:00,73.65
1070,3647,SÓLIDO,22:30:00,92.09
10,290,DELICADO,21:15:00,9.23
479,26,SÓLIDO,17:50:00,46.68
10,600,LÍQUIDO,10:00:00,51.23
4763,9,LÍQUIDO,22:05:00,26.09
469,787,LÍQUIDO,23:05:00,64.47
442,9,LÍQUIDO,16:10:00,8.35
4763,9,LÍQUIDO,22:05:00,63.13
712,56,LÍQUIDO,13:25:00,50.31
9,276,LÍQUIDO,15:30:00,27.43
9,379,LÍQUIDO,13:00:00,36.03
507,557,LÍQUIDO,16:30:00,24.24
7,31,DELICADO,19:30:00,21.30
290,19,SÓLIDO,8:30:00,74.52
369,366,LÍQUIDO,11:30:00,51.04
19,31,LÍQUIDO,20:15:00,9.80
10,31,DELICADO,20:45:00,57.64
26,8721,LÍQUIDO,7:30:00,70.84
3060,246,LÍQUIDO,7:40:00,4.12
1449,65,LÍQUIDO,18:00:00,39.24
461,9,LÍQUIDO,9:50:00,79.74
712,3060,LÍQUIDO,22:30:00,28.09
595,10,DELICADO,20:35:00,67.41
924,10,LÍQUIDO,19:10:00,34.29
9,232,SÓLIDO,13:30:00,99.76
46,1463,LÍQUIDO,19:00:00,21.58
482,19,SÓLIDO,17:30:00,85.71
7,933,LÍQUIDO,20:50:00,31.67
232,2062,LÍQUIDO,8:30:00,93.66
797,26,INFLAMABLE,16:00:00,37.40
562,3142,SÓLIDO,10:30:00,6.06
1335,19,SÓLIDO,15:20:00,57.35
521,580,LÍQUIDO,23:00:00,36.86
4763,3906,LÍQUIDO,20:15:00,49.76
10,626,PARTES,12:30:00,17.74
46,469,LÍQUIDO,22:30:00,24.25
19,325,LÍQUIDO,19:00:00,87.20
9,4763,LÍQUIDO,13:00:00,34.12
10,3912,LÍQUIDO,16:00:00,51.21
1471,1463,LÍQUIDO,14:00:00,98.02
556,747,LÍQUIDO,20:00:00,54.58
469,49,DELICADO,22:55:00,6.93
7,612,LÍQUIDO,7:15:00,4.66
10,556,DELICADO,15:00:00,86.64
365,10,LÍQUIDO,18:40:00,5.35
19,8229,SÓLIDO,15:55:00,44.67
3030,2939,LÍQUIDO,19:05:00,88.86
19,26,LÍQUIDO,15:45:00,48.79
645,521,INFLAMABLE,1:25:00,11.33
562,563,LÍQUIDO,14:05:00,76.31
10,593,DELICADO,20:00:00,7.48
10,244,LÍQUIDO,19:45:00,83.15
232,3287,LÍQUIDO,8:30:00,68.20
19,482,SÓLIDO,19:45:00,61.51
3664,521,SÓLIDO,18:15:00,18.84
922,19,LÍQUIDO,13:30:00,56.20
10,330,DELICADO,20:00:00,76.17
10,16,DELICADO,20:30:00,64.45
19,26,SÓLIDO,12:15:00,56.99
17,10,DELICADO,17:15:00,49.66
437,10,DELICADO,16:30:00,97.10
19,8957,LÍQUIDO,6:45:00,7.70
10,1471,PARTES,20:00:00,25.63
49,369,DELICADO,19:05:00,60.44
8721,26,SÓLIDO,3:30:00,76.20
579,2381,SÓLIDO,16:45:00,44.27
10,1384,SÓLIDO,17:00:00,16.55
10,1466,PARTES,20:10:00,65.53
3164,16,LÍQUIDO,16:45:00,44.43
8721,26,LÍQUIDO,20:30:00,17.02
1350,201,LÍQUIDO,23:55:00,45.72
9,40,LÍQUIDO,23:00:00,72.48
1471,10,LÍQUIDO,17:00:00,97.78
65,2363,DELICADO,0:15:00,84.08
372,10,DELICADO,17:30:00,44.92
484,338,DELICADO,1:55:00,11.79
424,19,LÍQUIDO,23:30:00,83.57
308,255,LÍQUIDO,13:30:00,76.85
38,334,DELICADO,21:15:00,94.60
2692,10,LÍQUIDO,22:20:00,92.18
10,3027,LÍQUIDO,22:00:00,10.70
4763,1384,LÍQUIDO,16:30:00,22.38
19,290,SÓLIDO,22:50:00,34.28
49,3913,LÍQUIDO,18:15:00,31.36
1493,1646,LÍQUIDO,14:40:00,40.67
3060,725,INFLAMABLE,23:00:00,6.17
369,593,LÍQUIDO,16:30:00,41.12
9,232,SÓLIDO,17:30:00,95.99
10,19,DELICADO,20:55:00,9.27
19,300,SÓLIDO,13:15:00,73.31
620,621,INFLAMABLE,4:45:00,24.15
4763,369,LÍQUIDO,19:20:00,32.53
1337,10,INFLAMABLE,23:30:00,74.99
19,922,LÍQUIDO,8:15:00,65.80
725,10,INFLAMABLE,15:20:00,42.15
49,545,LÍQUIDO,16:50:00,47.65
436,437,LÍQUIDO,9:05:00,89.72
582,644,DELICADO,9:20:00,72.38
19,32,LÍQUIDO,18:30:00,16.31
49,2948,LÍQUIDO,17:40:00,1.55
484,180,LÍQUIDO,22:45:00,39.33
579,521,LÍQUIDO,1:00:00,23.33
201,9,LÍQUIDO,7:00:00,75.48
315,1745,LÍQUIDO,18:00:00,10.46
40,9,LÍQUIDO,22:15:00,7.87
409,19,PARTES,23:15:00,97.31
593,49,PARTES,22:50:00,41.35
437,10,LÍQUIDO,19:15:00,15.53
334,73,LÍQUIDO,22:20:00,77.23
556,747,LÍQUIDO,20:00:00,19.85
276,40,LÍQUIDO,12:00:00,33.76
208,3060,LÍQUIDO,23:00:00,64.73
115,9,LÍQUIDO,10:15:00,86.30
10,15,DELICADO,20:50:00,23.78
583,556,DELICADO,10:30:00,52.03
9,461,SÓLIDO,12:30:00,71.40
226,10,LÍQUIDO,12:00:00,38.59
232,1447,LÍQUIDO,12:30:00,10.86
334,10,PARTES,22:15:00,67.46
10,932,LÍQUIDO,21:40:00,58.66
49,2948,LÍQUIDO,17:40:00,65.05
10,2949,PARTES,18:58:00,0.75
10,363,LÍQUIDO,18:20:00,44.01
9,51,LÍQUIDO,13:00:00,72.29
1552,19,LÍQUIDO,19:56:00,20.38
10,65,SÓLIDO,15:15:00,78.51
700,19,SÓLIDO,16:25:00,89.68
4763,9,INFLAMABLE,22:40:00,46.53
334,38,PARTES,22:15:00,15.20
290,10,LÍQUIDO,23:45:00,55.23
579,521,LÍQUIDO,1:00:00,29.25
38,315,DELICADO,21:15:00,36.96
583,3204,SÓLIDO,16:30:00,64.00
9,308,LÍQUIDO,22:00:00,37.53
246,2062,LÍQUIDO,9:15:00,80.75
556,76,LÍQUIDO,19:30:00,92.34
436,583,DELICADO,7:30:00,59.25
19,409,PARTES,23:15:00,61.22
65,5126,SÓLIDO,7:30:00,12.50
644,10,DELICADO,9:15:00,23.69
521,560,SÓLIDO,14:00:00,65.96
10,1519,LÍQUIDO,19:45:00,82.12
49,240,LÍQUIDO,7:10:00,55.43
19,4296,SÓLIDO,21:15:00,42.72
308,9,LÍQUIDO,22:35:00,67.51
521,2383,DELICADO,23:59:00,32.54
4763,9,LÍQUIDO,8:25:00,46.22
350,65,LÍQUIDO,9:36:00,84.26
54,9,LÍQUIDO,10:50:00,83.64
10,443,DELICADO,19:45:00,45.96
3060,9,INFLAMABLE,23:00:00,80.71
290,19,SÓLIDO,18:00:00,97.45
9,587,LÍQUIDO,20:45:00,24.76
787,10,PARTES,22:00:00,24.37
19,26,SÓLIDO,17:16:00,64.44
10,9,LÍQUIDO,20:45:00,89.40
1432,46,LÍQUIDO,0:05:00,42.51
3559,2167,LÍQUIDO,14:50:00,72.71
3967,621,INFLAMABLE,18:40:00,57.01
19,3794,SÓLIDO,19:20:00,31.19
369,595,LÍQUIDO,16:30:00,86.16
594,369,LÍQUIDO,19:00:00,53.30
469,334,LÍQUIDO,21:30:00,20.81
10,593,DELICADO,20:50:00,91.42
2583,19,SÓLIDO,4:45:00,76.77
409,19,DELICADO,23:00:00,19.25
8721,26,LÍQUIDO,8:15:00,0.70
545,1437,SÓLIDO,12:25:00,44.85
700,19,SÓLIDO,0:50:00,66.58
582,556,DELICADO,5:30:00,70.55
506,19,LÍQUIDO,5:20:00,81.31
10,654,LÍQUIDO,22:15:00,15.23
334,46,DELICADO,23:20:00,59.77
315,1071,LÍQUIDO,2:00:00,38.89
9,56,LÍQUIDO,9:15:00,90.88
1447,246,LÍQUIDO,23:56:00,50.22
9,379,LÍQUIDO,13:00:00,32.61
315,49,LÍQUIDO,18:00:00,48.23
19,8767,LÍQUIDO,19:30:00,47.03
350,594,LÍQUIDO,17:10:00,93.70
482,290,SÓLIDO,17:30:00,6.01
1463,1471,DELICADO,0:30:00,16.80
19,300,SÓLIDO,6:30:00,68.21
255,4652,LÍQUIDO,15:10:00,16.31
246,2062,LÍQUIDO,14:50:00,91.24
19,4723,SÓLIDO,13:20:00,63.29
1396,10,LÍQUIDO,22:20:00,7.32
4533,8652,INFLAMABLE,8:30:00,88.33
10,484,DELICADO,11:00:00,51.35
290,10,DELICADO,23:25:00,55.01
506,4411,LÍQUIDO,5:20:00,98.75
2940,10,INFLAMABLE,18:30:00,30.93
199,9,SÓLIDO,5:55:00,94.43
290,3794,SÓLIDO,12:45:00,89.09
276,9,LÍQUIDO,16:45:00,48.80
334,10,DELICADO,23:30:00,61.38
19,10,DELICADO,21:30:00,42.99
38,334,DELICADO,21:56:00,29.16
19,2745,SÓLIDO,16:00:00,40.74
10,482,DELICADO,21:50:00,56.01
226,49,LÍQUIDO,12:00:00,3.71
3500,621,LÍQUIDO,3:00:00,29.20
10,469,PARTES,19:45:00,70.56
7,613,LÍQUIDO,18:30:00,90.30
409,38,PARTES,18:15:00,95.94
594,369,LÍQUIDO,8:30:00,64.31
58,208,LÍQUIDO,0:45:00,77.07
527,725,LÍQUIDO,0:10:00,80.21
2062,461,LÍQUIDO,23:15:00,83.92
290,304,SÓLIDO,9:20:00,53.26
19,290,SÓLIDO,17:00:00,80.96
249,2062,LÍQUIDO,16:05:00,40.59
19,2583,SÓLIDO,8:00:00,97.60
58,1384,SÓLIDO,14:55:00,2.10
10,583,DELICADO,20:00:00,1.49
3030,19,LÍQUIDO,22:20:00,97.32
1471,1063,INFLAMABLE,20:00:00,20.27
4723,19,SÓLIDO,2:30:00,19.69
2939,325,INFLAMABLE,13:15:00,76.42
545,1437,SÓLIDO,18:10:00,38.15
334,75,LÍQUIDO,22:20:00,67.03
2947,2167,LÍQUIDO,17:50:00,56.37
19,300,SÓLIDO,15:40:00,71.34
46,484,LÍQUIDO,19:00:00,63.96
10,75,PARTES,19:45:00,77.79
521,2383,LÍQUIDO,23:59:00,94.96
372,4763,LÍQUIDO,16:20:00,27.58
10,3027,LÍQUIDO,22:00:00,6.95
323,1211,LÍQUIDO,19:15:00,0.68
19,26,LÍQUIDO,19:15:00,79.82
10,315,PARTES,19:45:00,64.75
51,484,LÍQUIDO,5:00:00,15.08
290,506,SÓLIDO,6:00:00,47.44
3229,232,LÍQUIDO,0:15:00,4.22
49,334,DELICADO,21:00:00,23.26
4763,14,INFLAMABLE,21:00:00,63.25
2068,2191,LÍQUIDO,20:10:00,61.09
276,4763,LÍQUIDO,12:00:00,88.57
4763,2167,DELICADO,20:30:00,5.17
10,76,INFLAMABLE,21:00:00,40.81
26,290,SÓLIDO,10:45:00,47.83
19,8972,LÍQUIDO,7:00:00,73.10
3060,9,INFLAMABLE,10:45:00,47.51
334,330,LÍQUIDO,7:00:00,82.21
3647,521,SÓLIDO,6:30:00,90.26
1463,10,LÍQUIDO,21:30:00,17.27
3062,232,LÍQUIDO,14:15:00,41.12
302,10,DELICADO,0:35:00,53.16
369,1250,SÓLIDO,13:00:00,76.90
50,424,DELICADO,21:45:00,45.27
46,556,DELICADO,19:00:00,90.33
334,49,DELICADO,22:15:00,78.05
2383,521,SÓLIDO,10:00:00,54.35
506,19,DELICADO,17:00:00,1.76
2060,461,LÍQUIDO,23:05:00,94.08
442,334,PARTES,19:30:00,96.11
49,3913,LÍQUIDO,18:15:00,32.55
7,469,LÍQUIDO,17:45:00,85.80
442,3647,SÓLIDO,19:30:00,17.20
334,315,LÍQUIDO,4:40:00,63.67
2692,10,LÍQUIDO,22:20:00,51.30
3030,10,DELICADO,2:35:00,11.63
712,1034,LÍQUIDO,23:25:00,12.42
50,409,DELICADO,21:46:00,77.52
1698,1432,LÍQUIDO,21:45:00,46.42
19,922,LÍQUIDO,16:30:00,4.84
10,725,LÍQUIDO,16:00:00,48.04
290,19,SÓLIDO,17:30:00,80.77
49,350,LÍQUIDO,19:10:00,38.05
315,46,LÍQUIDO,18:00:00,80.03
8721,26,SÓLIDO,19:35:00,94.13
276,58,LÍQUIDO,13:35:00,26.47
10,3030,LÍQUIDO,18:20:00,99.94
51,369,LÍQUIDO,19:50:00,61.52
1675,46,LÍQUIDO,1:05:00,20.82
3275,350,INFLAMABLE,15:00:00,16.57
521,524,LÍQUIDO,13:30:00,58.98
10,484,DELICADO,15:00:00,2.88
3060,199,SÓLIDO,7:40:00,66.46
19,487,SÓLIDO,8:30:00,4.54
10,724,LÍQUIDO,16:00:00,16.83
315,674,LÍQUIDO,13:00:00,32.76
409,10,DELICADO,18:00:00,40.36
4406,19,DELICADO,17:25:00,47.96
19,290,SÓLIDO,7:00:00,82.21
137,725,LÍQUIDO,14:35:00,4.71
438,583,DELICADO,23:30:00,35.20
334,2470,DELICADO,21:30:00,24.50
19,387,SÓLIDO,4:30:00,51.14
190,10,DELICADO,19:00:00,56.84
10,443,DELICADO,19:50:00,37.57
617,437,LÍQUIDO,0:55:00,79.34
1447,9,LÍQUIDO,23:15:00,75.45
276,58,LÍQUIDO,13:35:00,93.62
10,654,LÍQUIDO,22:00:00,41.49
15,350,LÍQUIDO,18:30:00,54.89
10,436,DELICADO,16:30:00,14.99
314,9,LÍQUIDO,22:46:00,86.45
2113,31,LÍQUIDO,0:00:00,89.61
3425,545,LÍQUIDO,12:50:00,64.92
258,9,LÍQUIDO,0:20:00,77.92
19,7,DELICADO,21:45:00,52.36
582,583,DELICADO,9:20:00,89.19
1361,9,LÍQUIDO,11:55:00,14.14
10,562,PARTES,12:30:00,15.18
232,9,SÓLIDO,12:35:00,10.89
747,556,LÍQUIDO,17:00:00,76.34
922,19,LÍQUIDO,14:30:00,31.72
2191,556,LÍQUIDO,0:15:00,50.15
10,350,DELICADO,20:00:00,37.94
442,9,INFLAMABLE,16:10:00,30.47
2383,579,SÓLIDO,13:00:00,82.63
3967,562,INFLAMABLE,10:20:00,92.75
17,15,LÍQUIDO,16:50:00,32.46
3060,9,INFLAMABLE,0:25:00,73.44
556,2044,LÍQUIDO,20:10:00,44.07
19,302,SÓLIDO,9:30:00,8.14
46,75,LÍQUIDO,19:00:00,87.04
713,436,LÍQUIDO,6:15:00,22.84
276,1063,LÍQUIDO,23:15:00,86.21
1675,556,INFLAMABLE,1:45:00,84.72
10,350,DELICADO,20:20:00,6.40
249,1447,LÍQUIDO,14:25:00,7.59
325,375,LÍQUIDO,13:00:00,75.83
10,65,LÍQUIDO,16:00:00,73.61
315,469,LÍQUIDO,18:45:00,49.42
3027,10,LÍQUIDO,21:30:00,95.08
1471,15,INFLAMABLE,13:15:00,29.82
2062,255,LÍQUIDO,23:15:00,52.01
165,10,DELICADO,19:45:00,79.59
1469,10,DELICADO,19:15:00,24.11
2191,46,LÍQUIDO,2:45:00,81.18
10,1836,LÍQUIDO,19:00:00,97.00
756,10,LÍQUIDO,12:05:00,96.64
226,516,LÍQUIDO,17:25:00,85.42
556,2191,LÍQUIDO,19:30:00,84.49
713,10,DELICADO,1:40:00,42.84
325,19,DELICADO,5:10:00,87.41
10,2939,DELICADO,19:40:00,42.49
369,8416,LÍQUIDO,8:00:00,80.08
58,3906,LÍQUIDO,13:45:00,34.77
276,9,LÍQUIDO,12:05:00,78.35
583,564,DELICADO,13:00:00,39.48
7,644,LÍQUIDO,7:15:00,56.49
19,290,SÓLIDO,16:30:00,85.67
10,438,DELICADO,15:00:00,93.69
141,10,LÍQUIDO,2:25:00,0.04
9,276,SÓLIDO,15:15:00,99.44
587,49,LÍQUIDO,22:45:00,87.70
330,10,DELICADO,20:50:00,23.40
10,409,PARTES,21:05:00,81.12
2952,107,LÍQUIDO,16:00:00,92.03
290,19,SÓLIDO,10:00:00,30.77
46,557,LÍQUIDO,19:40:00,83.60
2060,461,LÍQUIDO,23:05:00,9.35
315,9,INFLAMABLE,13:00:00,35.94
10,921,LÍQUIDO,20:00:00,31.84
10,747,PARTES,20:03:00,8.05
19,1335,SÓLIDO,8:00:00,93.92
652,372,LÍQUIDO,21:30:00,95.96
436,556,DELICADO,23:25:00,84.71
19,2585,SÓLIDO,18:00:00,44.02
10,3908,LÍQUIDO,17:30:00,79.59
10,2944,DELICADO,19:40:00,31.54
924,8721,LÍQUIDO,9:50:00,98.77
2062,255,LÍQUIDO,6:40:00,38.53
350,10,DELICADO,19:25:00,76.26
334,315,DELICADO,7:00:00,68.07
644,10,DELICADO,1:30:00,6.73
545,10,LÍQUIDO,0:47:00,91.33
19,31,LÍQUIDO,9:00:00,77.32
522,521,SÓLIDO,17:50:00,77.73
2060,208,LÍQUIDO,13:15:00,86.66
10,2167,PARTES,20:02:00,20.27
26,19,LÍQUIDO,20:30:00,57.97
442,315,DELICADO,21:00:00,85.57
1471,2947,LÍQUIDO,13:15:00,61.26
19,3056,LÍQUIDO,16:30:00,31.35
10,583,DELICADO,20:00:00,27.11
330,10,DELICADO,18:30:00,89.52
19,334,PARTES,19:30:00,9.01
369,10,DELICADO,20:20:00,10.97
19,3030,LÍQUIDO,22:50:00,91.20
652,593,LÍQUIDO,21:20:00,85.10
10,1250,LÍQUIDO,18:20:00,45.70
7,618,LÍQUIDO,23:20:00,61.18
49,244,LÍQUIDO,7:10:00,77.29
255,3062,LÍQUIDO,15:35:00,15.15
651,10,DELICADO,19:45:00,12.53
369,1598,LÍQUIDO,21:15:00,79.86
545,469,LÍQUIDO,21:30:00,53.68
10,1384,LÍQUIDO,16:00:00,22.87
10,165,DELICADO,20:45:00,37.58
115,106,LÍQUIDO,17:40:00,47.64
1466,1471,SÓLIDO,5:00:00,81.34
49,469,DELICADO,21:00:00,72.58
19,506,LÍQUIDO,19:00:00,20.84
424,10,PARTES,18:30:00,20.36
10,545,DELICADO,13:00:00,27.07
19,4296,SÓLIDO,15:50:00,16.53
1063,712,LÍQUIDO,0:50:00,30.25
26,290,SÓLIDO,13:30:00,42.27
409,19,PARTES,23:00:00,70.18
179,9,LÍQUIDO,6:30:00,28.78
482,19,SÓLIDO,2:15:00,85.68
19,290,SÓLIDO,4:25:00,88.46
2947,1471,LÍQUIDO,10:00:00,38.37
232,137,LÍQUIDO,13:10:00,97.09
621,1515,SÓLIDO,9:00:00,51.24
10,65,LÍQUIDO,14:00:00,17.38
8721,924,LÍQUIDO,10:30:00,15.93
10,334,PARTES,21:00:00,62.76
7,75,PARTES,17:45:00,52.21
582,437,DELICADO,9:20:00,64.04
19,49,DELICADO,21:20:00,77.25
10,3275,LÍQUIDO,19:30:00,24.61
506,65,LÍQUIDO,0:30:00,82.42
19,1337,LÍQUIDO,17:45:00,33.17
2745,10,INFLAMABLE,23:50:00,12.33
2692,10,LÍQUIDO,22:20:00,78.47
46,1432,LÍQUIDO,19:00:00,70.10
1675,167,INFLAMABLE,2:35:00,57.40
9,49,DELICADO,16:15:00,27.25
521,3647,LÍQUIDO,8:00:00,46.05
10,7325,SÓLIDO,12:30:00,26.15
330,46,DELICADO,20:40:00,70.55
437,556,DELICADO,18:35:00,22.36
4533,8652,INFLAMABLE,8:30:00,58.50
10,2939,LÍQUIDO,19:00:00,6.99
107,208,LÍQUIDO,22:10:00,8.30
46,932,LÍQUIDO,19:15:00,73.62
651,10,LÍQUIDO,19:45:00,98.80
26,922,SÓLIDO,9:15:00,86.50
9,276,SÓLIDO,22:00:00,89.43
10,65,LÍQUIDO,12:00:00,68.35
19,300,SÓLIDO,13:15:00,74.61
46,507,LÍQUIDO,19:00:00,46.00
46,65,LÍQUIDO,19:15:00,49.71
54,232,LÍQUIDO,9:20:00,75.82
4763,1186,INFLAMABLE,21:45:00,88.50
521,2382,LÍQUIDO,17:30:00,59.70
19,4648,SÓLIDO,19:00:00,97.28
19,65,LÍQUIDO,21:00:00,65.05
26,2800,SÓLIDO,13:12:00,96.13
10,9,LÍQUIDO,23:45:00,73.92
3060,199,SÓLIDO,7:40:00,33.66
521,49,LÍQUIDO,17:00:00,17.54
10,436,DELICADO,16:30:00,94.52
19,387,SÓLIDO,20:20:00,52.97
40,9,LÍQUIDO,22:15:00,37.75
10,516,DELICADO,22:30:00,21.04
46,1745,LÍQUIDO,19:00:00,62.27
10,594,DELICADO,20:30:00,91.73
9,115,LÍQUIDO,23:00:00,41.28
579,521,LÍQUIDO,16:15:00,72.00
725,49,LÍQUIDO,8:00:00,81.78
249,1447,LÍQUIDO,16:05:00,75.88
249,3062,LÍQUIDO,14:25:00,34.04
334,49,LÍQUIDO,21:30:00,58.76
3202,583,SÓLIDO,11:00:00,9.21