<?xml version="1.0" encoding="UTF-8"?>
<config xmlns="http://www.knime.org/2008/09/XMLConfig" xmlns:xsi="http://www.w3.org/2001/XMLSchema-instance" xsi:schemaLocation="http://www.knime.org/2008/09/XMLConfig http://www.knime.org/XMLConfig_2008_09.xsd" key="model.xml">
    <entry key="version" type="xint" value="1"/>
    <entry key="class_name" type="xstring" value="org.knime.base.data.normalize.NormalizerPortObject"/>
    <config key="model">
        <config key="columns">
            <config key="sepal length">
                <entry key="column_name" type="xstring" value="sepal length"/>
                <entry key="column_scale" type="xdouble" value="1.2352166158094509"/>
                <entry key="column_translate" type="xdouble" value="-7.187416683241243"/>
                <entry key="column_min" type="xdouble" value="NaN"/>
                <entry key="column_max" type="xdouble" value="NaN"/>
            </config>
            <config key="sepal width">
                <entry key="column_name" type="xstring" value="sepal width"/>
                <entry key="column_scale" type="xdouble" value="2.2925322324665682"/>
                <entry key="column_translate" type="xdouble" value="-6.994270212802021"/>
                <entry key="column_min" type="xdouble" value="NaN"/>
                <entry key="column_max" type="xdouble" value="NaN"/>
            </config>
            <config key="petal length">
                <entry key="column_name" type="xstring" value="petal length"/>
                <entry key="column_scale" type="xdouble" value="0.5680703314900734"/>
                <entry key="column_translate" type="xdouble" value="-2.118090807412988"/>
                <entry key="column_min" type="xdouble" value="NaN"/>
                <entry key="column_max" type="xdouble" value="NaN"/>
            </config>
            <config key="petal width">
                <entry key="column_name" type="xstring" value="petal width"/>
                <entry key="column_scale" type="xdouble" value="1.309510501040861"/>
                <entry key="column_translate" type="xdouble" value="-1.5538745141815218"/>
                <entry key="column_min" type="xdouble" value="NaN"/>
                <entry key="column_max" type="xdouble" value="NaN"/>
            </config>
        </config>
        <entry key="summary" type="xstring" value="Z-Score (Gaussian) normalization on 4 column(s)"/>
    </config>
</config>
