<?xml version="1.0" encoding="UTF-8"?>
<config xmlns="http://www.knime.org/2008/09/XMLConfig" xmlns:xsi="http://www.w3.org/2001/XMLSchema-instance" xsi:schemaLocation="http://www.knime.org/2008/09/XMLConfig http://www.knime.org/XMLConfig_2008_09.xsd" key="DataTableSpec">
    <entry key="spec_name" type="xstring" value="default"/>
    <entry key="number_columns" type="xint" value="9"/>
    <config key="column_spec_0">
        <entry key="column_name" type="xstring" value="gender"/>
        <config key="element_names">
            <entry key="array-size" type="xint" value="0"/>
        </config>
        <config key="column_type">
            <entry key="cell_class" type="xstring" value="org.knime.core.data.def.StringCell"/>
        </config>
        <config key="column_domain">
            <config key="possible_values">
                <entry key="array-size" type="xint" value="3"/>
                <config key="0">
                    <entry key="datacell" type="xstring" value="org.knime.core.data.def.StringCell"/>
                    <config key="org.knime.core.data.def.StringCell">
                        <entry key="StringCell" type="xstring" value="Female"/>
                    </config>
                </config>
                <config key="1">
                    <entry key="datacell" type="xstring" value="org.knime.core.data.def.StringCell"/>
                    <config key="org.knime.core.data.def.StringCell">
                        <entry key="StringCell" type="xstring" value="Male"/>
                    </config>
                </config>
                <config key="2">
                    <entry key="datacell" type="xstring" value="org.knime.core.data.def.StringCell"/>
                    <config key="org.knime.core.data.def.StringCell">
                        <entry key="StringCell" type="xstring" value="Other"/>
                    </config>
                </config>
            </config>
        </config>
        <config key="column_properties"/>
        <config key="meta_data"/>
    </config>
    <config key="column_spec_1">
        <entry key="column_name" type="xstring" value="age"/>
        <config key="element_names">
            <entry key="array-size" type="xint" value="0"/>
        </config>
        <config key="column_type">
            <entry key="cell_class" type="xstring" value="org.knime.core.data.def.DoubleCell"/>
        </config>
        <config key="column_domain">
            <config key="lower_bound">
                <entry key="datacell" type="xstring" value="org.knime.core.data.def.DoubleCell"/>
                <config key="org.knime.core.data.def.DoubleCell">
                    <entry key="DoubleCell" type="xdouble" value="0.08"/>
                </config>
            </config>
            <config key="upper_bound">
                <entry key="datacell" type="xstring" value="org.knime.core.data.def.DoubleCell"/>
                <config key="org.knime.core.data.def.DoubleCell">
                    <entry key="DoubleCell" type="xdouble" value="80.0"/>
                </config>
            </config>
        </config>
        <config key="column_properties"/>
        <config key="meta_data"/>
    </config>
    <config key="column_spec_2">
        <entry key="column_name" type="xstring" value="hypertension"/>
        <config key="element_names">
            <entry key="array-size" type="xint" value="0"/>
        </config>
        <config key="column_type">
            <entry key="cell_class" type="xstring" value="org.knime.core.data.def.IntCell"/>
        </config>
        <config key="column_domain">
            <config key="lower_bound">
                <entry key="datacell" type="xstring" value="org.knime.core.data.def.IntCell"/>
                <config key="org.knime.core.data.def.IntCell">
                    <entry key="IntCell" type="xint" value="0"/>
                </config>
            </config>
            <config key="upper_bound">
                <entry key="datacell" type="xstring" value="org.knime.core.data.def.IntCell"/>
                <config key="org.knime.core.data.def.IntCell">
                    <entry key="IntCell" type="xint" value="1"/>
                </config>
            </config>
        </config>
        <config key="column_properties"/>
        <config key="meta_data"/>
    </config>
    <config key="column_spec_3">
        <entry key="column_name" type="xstring" value="heart_disease"/>
        <config key="element_names">
            <entry key="array-size" type="xint" value="0"/>
        </config>
        <config key="column_type">
            <entry key="cell_class" type="xstring" value="org.knime.core.data.def.IntCell"/>
        </config>
        <config key="column_domain">
            <config key="lower_bound">
                <entry key="datacell" type="xstring" value="org.knime.core.data.def.IntCell"/>
                <config key="org.knime.core.data.def.IntCell">
                    <entry key="IntCell" type="xint" value="0"/>
                </config>
            </config>
            <config key="upper_bound">
                <entry key="datacell" type="xstring" value="org.knime.core.data.def.IntCell"/>
                <config key="org.knime.core.data.def.IntCell">
                    <entry key="IntCell" type="xint" value="1"/>
                </config>
            </config>
        </config>
        <config key="column_properties"/>
        <config key="meta_data"/>
    </config>
    <config key="column_spec_4">
        <entry key="column_name" type="xstring" value="smoking_history"/>
        <config key="element_names">
            <entry key="array-size" type="xint" value="0"/>
        </config>
        <config key="column_type">
            <entry key="cell_class" type="xstring" value="org.knime.core.data.def.StringCell"/>
        </config>
        <config key="column_domain">
            <config key="possible_values">
                <entry key="array-size" type="xint" value="6"/>
                <config key="0">
                    <entry key="datacell" type="xstring" value="org.knime.core.data.def.StringCell"/>
                    <config key="org.knime.core.data.def.StringCell">
                        <entry key="StringCell" type="xstring" value="never"/>
                    </config>
                </config>
                <config key="1">
                    <entry key="datacell" type="xstring" value="org.knime.core.data.def.StringCell"/>
                    <config key="org.knime.core.data.def.StringCell">
                        <entry key="StringCell" type="xstring" value="No Info"/>
                    </config>
                </config>
                <config key="2">
                    <entry key="datacell" type="xstring" value="org.knime.core.data.def.StringCell"/>
                    <config key="org.knime.core.data.def.StringCell">
                        <entry key="StringCell" type="xstring" value="current"/>
                    </config>
                </config>
                <config key="3">
                    <entry key="datacell" type="xstring" value="org.knime.core.data.def.StringCell"/>
                    <config key="org.knime.core.data.def.StringCell">
                        <entry key="StringCell" type="xstring" value="former"/>
                    </config>
                </config>
                <config key="4">
                    <entry key="datacell" type="xstring" value="org.knime.core.data.def.StringCell"/>
                    <config key="org.knime.core.data.def.StringCell">
                        <entry key="StringCell" type="xstring" value="ever"/>
                    </config>
                </config>
                <config key="5">
                    <entry key="datacell" type="xstring" value="org.knime.core.data.def.StringCell"/>
                    <config key="org.knime.core.data.def.StringCell">
                        <entry key="StringCell" type="xstring" value="not current"/>
                    </config>
                </config>
            </config>
        </config>
        <config key="column_properties"/>
        <config key="meta_data"/>
    </config>
    <config key="column_spec_5">
        <entry key="column_name" type="xstring" value="bmi"/>
        <config key="element_names">
            <entry key="array-size" type="xint" value="0"/>
        </config>
        <config key="column_type">
            <entry key="cell_class" type="xstring" value="org.knime.core.data.def.DoubleCell"/>
        </config>
        <config key="column_domain">
            <config key="lower_bound">
                <entry key="datacell" type="xstring" value="org.knime.core.data.def.DoubleCell"/>
                <config key="org.knime.core.data.def.DoubleCell">
                    <entry key="DoubleCell" type="xdouble" value="10.01"/>
                </config>
            </config>
            <config key="upper_bound">
                <entry key="datacell" type="xstring" value="org.knime.core.data.def.DoubleCell"/>
                <config key="org.knime.core.data.def.DoubleCell">
                    <entry key="DoubleCell" type="xdouble" value="95.69"/>
                </config>
            </config>
        </config>
        <config key="column_properties"/>
        <config key="meta_data"/>
    </config>
    <config key="column_spec_6">
        <entry key="column_name" type="xstring" value="HbA1c_level"/>
        <config key="element_names">
            <entry key="array-size" type="xint" value="0"/>
        </config>
        <config key="column_type">
            <entry key="cell_class" type="xstring" value="org.knime.core.data.def.DoubleCell"/>
        </config>
        <config key="column_domain">
            <config key="lower_bound">
                <entry key="datacell" type="xstring" value="org.knime.core.data.def.DoubleCell"/>
                <config key="org.knime.core.data.def.DoubleCell">
                    <entry key="DoubleCell" type="xdouble" value="3.5"/>
                </config>
            </config>
            <config key="upper_bound">
                <entry key="datacell" type="xstring" value="org.knime.core.data.def.DoubleCell"/>
                <config key="org.knime.core.data.def.DoubleCell">
                    <entry key="DoubleCell" type="xdouble" value="9.0"/>
                </config>
            </config>
        </config>
        <config key="column_properties"/>
        <config key="meta_data"/>
    </config>
    <config key="column_spec_7">
        <entry key="column_name" type="xstring" value="blood_glucose_level"/>
        <config key="element_names">
            <entry key="array-size" type="xint" value="0"/>
        </config>
        <config key="column_type">
            <entry key="cell_class" type="xstring" value="org.knime.core.data.def.IntCell"/>
        </config>
        <config key="column_domain">
            <config key="lower_bound">
                <entry key="datacell" type="xstring" value="org.knime.core.data.def.IntCell"/>
                <config key="org.knime.core.data.def.IntCell">
                    <entry key="IntCell" type="xint" value="80"/>
                </config>
            </config>
            <config key="upper_bound">
                <entry key="datacell" type="xstring" value="org.knime.core.data.def.IntCell"/>
                <config key="org.knime.core.data.def.IntCell">
                    <entry key="IntCell" type="xint" value="300"/>
                </config>
            </config>
        </config>
        <config key="column_properties"/>
        <config key="meta_data"/>
    </config>
    <config key="column_spec_8">
        <entry key="column_name" type="xstring" value="diabetes"/>
        <config key="element_names">
            <entry key="array-size" type="xint" value="0"/>
        </config>
        <config key="column_type">
            <entry key="cell_class" type="xstring" value="org.knime.core.data.def.StringCell"/>
        </config>
        <config key="column_domain">
            <config key="possible_values">
                <entry key="array-size" type="xint" value="2"/>
                <config key="0">
                    <entry key="datacell" type="xstring" value="org.knime.core.data.def.StringCell"/>
                    <config key="org.knime.core.data.def.StringCell">
                        <entry key="StringCell" type="xstring" value="0"/>
                    </config>
                </config>
                <config key="1">
                    <entry key="datacell" type="xstring" value="org.knime.core.data.def.StringCell"/>
                    <config key="org.knime.core.data.def.StringCell">
                        <entry key="StringCell" type="xstring" value="1"/>
                    </config>
                </config>
            </config>
        </config>
        <config key="column_properties"/>
        <config key="meta_data"/>
    </config>
</config>
