<?xml version="1.0" encoding="UTF-8"?>
<config xmlns="http://www.knime.org/2008/09/XMLConfig" xmlns:xsi="http://www.w3.org/2001/XMLSchema-instance" xsi:schemaLocation="http://www.knime.org/2008/09/XMLConfig http://www.knime.org/XMLConfig_2008_09.xsd" key="model.xml">
    <entry key="version" type="xint" value="1"/>
    <entry key="class_name" type="xstring" value="org.knime.base.data.normalize.NormalizerPortObject"/>
    <config key="model">
        <config key="columns">
            <config key="age">
                <entry key="column_name" type="xstring" value="age"/>
                <entry key="column_scale" type="xdouble" value="0.012512512512512512"/>
                <entry key="column_translate" type="xdouble" value="-0.001001001001001001"/>
                <entry key="column_min" type="xdouble" value="0.0"/>
                <entry key="column_max" type="xdouble" value="1.0"/>
            </config>
            <config key="hypertension">
                <entry key="column_name" type="xstring" value="hypertension"/>
                <entry key="column_scale" type="xdouble" value="1.0"/>
                <entry key="column_translate" type="xdouble" value="0.0"/>
                <entry key="column_min" type="xdouble" value="0.0"/>
                <entry key="column_max" type="xdouble" value="1.0"/>
            </config>
            <config key="heart_disease">
                <entry key="column_name" type="xstring" value="heart_disease"/>
                <entry key="column_scale" type="xdouble" value="1.0"/>
                <entry key="column_translate" type="xdouble" value="0.0"/>
                <entry key="column_min" type="xdouble" value="0.0"/>
                <entry key="column_max" type="xdouble" value="1.0"/>
            </config>
            <config key="bmi">
                <entry key="column_name" type="xstring" value="bmi"/>
                <entry key="column_scale" type="xdouble" value="0.011671335200746966"/>
                <entry key="column_translate" type="xdouble" value="-0.11683006535947713"/>
                <entry key="column_min" type="xdouble" value="0.0"/>
                <entry key="column_max" type="xdouble" value="1.0"/>
            </config>
            <config key="HbA1c_level">
                <entry key="column_name" type="xstring" value="HbA1c_level"/>
                <entry key="column_scale" type="xdouble" value="0.18181818181818182"/>
                <entry key="column_translate" type="xdouble" value="-0.6363636363636364"/>
                <entry key="column_min" type="xdouble" value="0.0"/>
                <entry key="column_max" type="xdouble" value="1.0"/>
            </config>
            <config key="blood_glucose_level">
                <entry key="column_name" type="xstring" value="blood_glucose_level"/>
                <entry key="column_scale" type="xdouble" value="0.004545454545454545"/>
                <entry key="column_translate" type="xdouble" value="-0.36363636363636365"/>
                <entry key="column_min" type="xdouble" value="0.0"/>
                <entry key="column_max" type="xdouble" value="1.0"/>
            </config>
        </config>
        <entry key="summary" type="xstring" value="Min/Max (0.0, 1) normalization on 6 column(s)"/>
    </config>
</config>
